3.310691157882928782e-04,-6.407844851294618449e-01,3.711141621751942177e-01,-8.407421726332331424e-02,-1.302422234811211332e-01,-1.846679858555279764e-04,2.771826897324868311e-01
2.667896684054006586e-04,-8.055575918107384936e-01,6.327257952923248663e-01,-1.402854929234653159e-01,-2.844059789523196158e-01,2.725783660098780037e-01,7.621993779387724599e-01
1.259757789988387965e-02,-8.023412141017393084e-01,6.056473517918842253e-01,1.184779781548621069e-01,-4.201125201901876882e-01,7.366843181249214112e-01,3.339546716081542854e-01
2.220584450260592452e-02,-9.700461704514841133e-01,1.029937090350329987e+00,-6.149118623705753794e-01,-4.620912424425353549e-01,9.583812618096766434e-01,1.949145498674791088e-01
5.551968286066502611e-02,-9.801886137359974160e-01,1.064736445591295100e+00,-6.149118560180040216e-01,-3.895420460273938401e-01,1.013389577306232914e+00,2.134161568999815017e-03
8.627414514494258224e-02,-9.741785916980831850e-01,9.373211290861589440e-01,-6.149119393549483670e-01,-2.890708676662441245e-01,1.003530614627884177e+00,-1.980756251880637087e-01
1.044127723802011631e-01,-1.025609524370462600e+00,9.132336773700202581e-01,-5.731018117444572901e-01,-1.787402342282433387e-01,9.538361692719653506e-01,-3.960710134503168112e-01
1.141003488643099750e-01,-9.989025174716974487e-01,7.723322183046000822e-01,-5.731019462537312315e-01,2.576624135651109371e-02,7.720169491581171384e-01,-6.467263917216710123e-01
1.130427916465415600e-01,-9.893498080679835605e-01,6.722553772754484847e-01,-1.712216171818450872e-01,6.959988024355551195e-02,7.869207077111062265e-01,-7.014715918251446247e-01
1.108561144990055647e-01,-1.115595019763837126e+00,9.081151558228302001e-01,-6.649899538882532435e-02,4.178188955821755812e-02,8.372579401783962760e-01,-7.345046266637248467e-01
1.237672639289375681e-01,-1.115610312661106329e+00,1.034341166082485497e+00,-6.231489548568874826e-01,5.972249446946643198e-02,8.706579178738069746e-01,-7.591132721270372752e-01
1.394248537044305847e-01,-1.115618845371123546e+00,1.048481658364804447e+00,-6.231181953948019547e-01,5.803166090344812761e-02,8.930740820381309897e-01,-7.730214436327420557e-01
1.534400142617208251e-01,-1.115625515817113333e+00,1.045238471160114591e+00,-6.230944374730295054e-01,5.108193403367872198e-02,9.111791504733849356e-01,-7.838706375856535624e-01
1.636467241292657582e-01,-1.115631694902721405e+00,1.076113895335475634e+00,-6.230718988481874776e-01,4.761706257367346456e-02,9.252867526753003613e-01,-7.940294460433896528e-01
1.733389447636713709e-01,-1.115635212734379600e+00,1.074996899005831397e+00,-6.230560583432533939e-01,3.515592381118430587e-02,9.361551567968188214e-01,-8.007647994660376245e-01
1.791915124122837044e-01,-1.115638619678560151e+00,1.113349421813224938e+00,-6.230394795114191364e-01,2.657530218697960744e-02,9.440341581858211484e-01,-8.074824537156063409e-01
1.859379266160899880e-01,-1.115641405376447404e+00,1.095574676778318324e+00,-6.230338672389313937e-01,4.334297427198211677e-03,9.501644065474149636e-01,-8.096369378109870008e-01
1.891237461099285200e-01,-1.115642770932902650e+00,1.167098882031122331e+00,-6.230195230353468006e-01,-6.946605133217001460e-03,9.578302872503908771e-01,-8.161201245516358505e-01
1.956974414608095569e-01,-1.115642779154469411e+00,1.126400960514058580e+00,-6.230203028949498067e-01,-4.058477419280612231e-02,9.635484678027201877e-01,-8.158295531228858533e-01
1.946788933192795945e-01,-1.115648412080386898e+00,1.202671513439075746e+00,-6.230022793246743351e-01,-5.536463834298424591e-02,9.688226727986000153e-01,-8.222559916394163171e-01
1.969239794244659336e-01,-1.109060907834223952e+00,1.138796698709795718e+00,-6.230013368101023907e-01,-9.025374043889235198e-02,9.711186623719074706e-01,-8.203213647760216887e-01
1.903394190500641292e-01,-1.109065967137728759e+00,1.204302826149114658e+00,-6.229844086728295594e-01,-1.054258602177648579e-01,9.745125114628869767e-01,-8.262130995789266352e-01
1.880157857218927309e-01,-1.086667381031861002e+00,1.119389484537866464e+00,-6.229842425817166962e-01,-1.291055256371322069e-01,9.721862569854506919e-01,-8.257011490591714686e-01
1.758678658524144844e-01,-1.078741233795909915e+00,1.176873602073115421e+00,-6.229592400383706652e-01,-1.361165587469791993e-01,9.736319117181163607e-01,-8.339629530610089825e-01
1.610416289933484790e-01,-1.072391968326183553e+00,1.178619644761796925e+00,-6.229399029279567568e-01,-1.473383192922002594e-01,9.744064167220227723e-01,-8.413836184536664931e-01
1.555959794750728931e-01,-1.067317719035639545e+00,1.154461583117042611e+00,-6.229277682296769925e-01,-1.618303934174688818e-01,9.761371422491346150e-01,-8.492780634133041406e-01
1.495336078392702495e-01,-1.063267907255455169e+00,1.181436820593995130e+00,-6.228881152137879518e-01,-1.717091198651919670e-01,9.819680429192007010e-01,-8.606399821434504993e-01
1.435639485248998981e-01,-1.060045245681462189e+00,1.169419444386341045e+00,-6.524494935286644370e-01,-1.632174455198695806e-01,9.712766700767415662e-01,-8.700673472058595426e-01
1.397081631573728333e-01,-1.057506290112472103e+00,1.180960563155612819e+00,-6.741398952075532414e-01,-1.632737355832475923e-01,9.825487990606155408e-01,-8.735211140283292153e-01
1.371625475488586487e-01,-1.055434598491769016e+00,1.166382858644092746e+00,-7.102853560378176168e-01,-2.092807573906219076e-01,1.063591607153858920e+00,-8.735239028694560259e-01
1.370509223579835789e-01,-1.054056790548093536e+00,1.173071673706202134e+00,-7.373803837230501479e-01,-3.124218804509550362e-01,1.234617993692513904e+00,-8.735411855185666319e-01
1.258426599527722456e-01,-1.052646547588531822e+00,1.146623708694209487e+00,-6.226815616540253284e-01,-4.457993691669491776e-01,1.376302527274648968e+00,-8.735411792069885939e-01
1.095628553815122808e-01,-1.051818063560678640e+00,1.135969672206383896e+00,-6.588860899227750867e-01,-5.594160403265513448e-01,1.399553247012996549e+00,-8.735874846029726415e-01
1.110224967248601147e-01,-1.029322568790265180e+00,1.138453067242015671e+00,-6.844338125085146496e-01,-5.522393647300614106e-01,1.277192701174971301e+00,-8.737387845386830332e-01
1.109700384234846293e-01,-9.936630478082725260e-01,1.140731682436546546e+00,-7.128338167967893657e-01,-5.464965478857976011e-01,1.218626395721937872e+00,-8.738899945961855487e-01
1.099878155250803430e-01,-9.392395567659724831e-01,1.141873296985593811e+00,-7.456394435561597422e-01,-5.269406999549117732e-01,1.231348672310767833e+00,-8.738631375346733732e-01
1.008298859555233351e-01,-9.057665062815527524e-01,1.198314015407403454e+00,-7.456414978202179356e-01,-4.666656865373642327e-01,1.231930867648187267e+00,-8.738666333046483103e-01
8.568279864242862864e-02,-9.365832521302669411e-01,1.299841958143527432e+00,-7.456414883755464462e-01,-4.199670529322914181e-01,1.229281834174830390e+00,-8.738676881083348169e-01
4.957925985956437159e-02,-1.031986808568013947e+00,1.454081488556365320e+00,-7.456267863113988925e-01,-3.928696778145310264e-01,1.226531917237980496e+00,-8.738288306044156295e-01
1.572027710162465786e-02,-1.117767584715808615e+00,1.499836300019869118e+00,-7.455846658362019763e-01,-3.621406855001896852e-01,1.205552516195837143e+00,-8.934244485614076803e-01
1.383175983376029594e-02,-1.117808860787200542e+00,1.375662013069036682e+00,-7.455389067077778931e-01,-3.238249242978850084e-01,1.191245602828211236e+00,-9.129848106678252195e-01
1.101116838427845801e-02,-1.117836446377067805e+00,1.265883515931160330e+00,-7.454853157041287925e-01,-2.921580393571293066e-01,1.177976652315177120e+00,-9.284546696077016215e-01
8.432308233193935854e-03,-1.117871107734769609e+00,1.277619238318257411e+00,-7.454317770017315770e-01,-2.554662601765880781e-01,1.167574794863544430e+00,-9.466584882179235327e-01
6.030275530858900113e-03,-1.117873223626014934e+00,1.318678047362333183e+00,-7.453870571908630671e-01,-2.230880352850872494e-01,1.159382042299134108e+00,-9.639542468282237264e-01
6.071931214966998225e-03,-1.117873282862803519e+00,1.327095966874289878e+00,-7.453871122305172348e-01,-2.240960979204830450e-01,1.172096343744919444e+00,-9.640402820846055709e-01
1.827681715007092866e-03,-1.117300324393156297e+00,1.333744873430654287e+00,-7.453852117490140650e-01,-2.958126595998907815e-01,1.283779224182665102e+00,-9.640402925112390164e-01
1.181305248868774055e-02,-1.117055524680379497e+00,1.335211987680205326e+00,-7.742763968635180127e-01,-4.116722015176491056e-01,1.457520794809624487e+00,-9.640675032883668782e-01
9.201793739305547115e-03,-1.116943977775832764e+00,1.330879839321752911e+00,-7.967582790745706411e-01,-5.324934311183254776e-01,1.576586773034834188e+00,-9.640770625207488731e-01
1.548904218766316079e-03,-1.071972413525953849e+00,1.326403489022347504e+00,-8.271307981760632755e-01,-5.306787361779230494e-01,1.508223509781843275e+00,-9.642871011190898844e-01
3.013016872463641568e-03,-1.012368806217641026e+00,1.317148224675060986e+00,-8.568124382453754517e-01,-4.989634879484086682e-01,1.401569113292723934e+00,-9.642818291554228205e-01
1.102207278031356458e-02,-9.409747187284187575e-01,1.303546522348977277e+00,-8.842914525410078275e-01,-4.201165046435831329e-01,1.234063181739531556e+00,-9.643075231935249736e-01
7.988557856391118039e-03,-8.966657097557376721e-01,1.295076792828395940e+00,-8.928892801091253828e-01,-3.592887366098113655e-01,1.224103295849584994e+00,-9.643128103888061187e-01
3.331167911776750350e-03,-9.153749442826258909e-01,1.369517129643971876e+00,-8.928857790941143735e-01,-3.050397592892497012e-01,1.213790754471203881e+00,-9.643474307621612285e-01
8.690582272164060901e-04,-9.771814559860337868e-01,1.401390434332832280e+00,-8.928540225579105760e-01,-2.742702125327971530e-01,1.196057206211983637e+00,-9.828741600358272823e-01
4.625645084484063252e-03,-1.041424848184470120e+00,1.395885012077256349e+00,-8.928170699674311539e-01,-2.457602916691900008e-01,1.178235983294874334e+00,-9.994528191919465065e-01
3.588483195756474349e-03,-1.088126420190972388e+00,1.385410453168978595e+00,-8.928004361822979851e-01,-2.063339598203268732e-01,1.154486560484229374e+00,-1.015550853236484530e+00
1.478028187019863292e-03,-1.088157198626060085e+00,1.330840049313060103e+00,-8.927620709199154403e-01,-1.578241866789755199e-01,1.127326593726313497e+00,-1.030456588759672609e+00
1.951922887541704659e-03,-1.088157220648656720e+00,1.338124713791430720e+00,-8.927614503230349996e-01,-1.501869283557592250e-01,1.142687156538643389e+00,-1.030456587749671193e+00
7.723208535714293742e-03,-1.088198829494126052e+00,1.342061397740711870e+00,-8.927076864074161566e-01,-2.315532888970238679e-01,1.305675677601551898e+00,-1.030454479580606986e+00
1.160780996950665223e-02,-1.082174942668997719e+00,1.344030772257126749e+00,-8.927654023039719444e-01,-3.558220415585452434e-01,1.519581567673188749e+00,-1.030445833365110309e+00
2.084081746714782496e-02,-1.053850242272176274e+00,1.316936600426321213e+00,-7.961928802911573122e-01,-4.908042032470666394e-01,1.663163664615489479e+00,-1.030445806012070031e+00
2.692109870015057041e-02,-1.042814112647947100e+00,1.297901802096720125e+00,-8.309424479093231453e-01,-6.299279404665492077e-01,1.663162045051434834e+00,-1.030476441105852459e+00
3.902985427480840097e-02,-9.771462032510587203e-01,1.277173312541617367e+00,-8.649795238657346230e-01,-6.299349551584665363e-01,1.526720833313714776e+00,-1.030686943806036870e+00
3.986005661069849659e-02,-8.990035037348702573e-01,1.248505979471787208e+00,-9.045059067258480745e-01,-6.127902048723584683e-01,1.406920480294938880e+00,-1.030707395495979117e+00
4.262237711314356692e-02,-8.203804296594456869e-01,1.249438923125640866e+00,-9.177173572334857976e-01,-5.468454412728352976e-01,1.268794904347208430e+00,-1.030701500900731205e+00
3.672965486996071505e-02,-7.790328055418099806e-01,1.268859756485368306e+00,-9.177297292748273216e-01,-4.737235935751343829e-01,1.251742672619316155e+00,-9.073283355308637832e-01
4.419461646013092548e-02,-8.083246758424289524e-01,1.377118344108451575e+00,-9.176359533894639098e-01,-4.217743393269975383e-01,1.251939656912874232e+00,-9.367961442637025016e-01
4.813902884805960902e-02,-8.935990230417386604e-01,1.533767577200930043e+00,-9.176037176074789414e-01,-3.855429055984380682e-01,1.249359468040127652e+00,-9.599647924308291058e-01
4.682720766783846772e-02,-9.791082029323896485e-01,1.566742612556182968e+00,-9.175874906420988797e-01,-3.385507414266539228e-01,1.233171221312959531e+00,-9.830274503759118820e-01
4.024983514074297747e-02,-1.084059745187313961e+00,1.507873856576209537e+00,-9.175846609877615911e-01,-2.969847760737204245e-01,1.204534633492077900e+00,-9.997172823647648698e-01
3.579330793640821823e-02,-1.076647751868056169e+00,1.379461867567941535e+00,-9.175844735719832501e-01,-1.913406663222506909e-01,1.162001746052292228e+00,-9.997280837578162993e-01
2.395912793564922497e-02,-1.070726134371310811e+00,1.396796195316086786e+00,-9.176417750497670722e-01,-9.360686580828803116e-02,1.157522665735356115e+00,-1.002557218717654131e+00
1.495160976193293453e-02,-1.065980906301576159e+00,1.410004663585869400e+00,-9.176408920536571756e-01,-5.717182471716972247e-02,1.202224758659481418e+00,-1.002557229072574829e+00
2.500697338539277503e-02,-1.062185397323641478e+00,1.417055881440495435e+00,-9.176985988324256605e-01,-6.462303096867000329e-02,1.222252938773140230e+00,-1.002543071284167642e+00
3.855069586745722005e-02,-1.045663888074536585e+00,1.395872983327949068e+00,-7.875388791242705633e-01,-1.715445688802053059e-01,1.418172536286857355e+00,-1.002541599924239080e+00
5.058026213815761118e-02,-1.050080981900364918e+00,1.390338883830014360e+00,-8.129386690531884563e-01,-3.146959475891326630e-01,1.584399368257185525e+00,-1.002547411043486214e+00
6.065856931235789895e-02,-1.045444405915456620e+00,1.375900774420620198e+00,-8.361409320850085036e-01,-4.490856851554079210e-01,1.581665490566647625e+00,-1.002565260483430754e+00
6.973756158025137819e-02,-1.031921799405705054e+00,1.357230834575040568e+00,-8.606705398256385697e-01,-5.927719576622038078e-01,1.561058399535014907e+00,-1.002538592422160590e+00
7.499962735674721437e-02,-9.565082122523062003e-01,1.336820709567385634e+00,-8.963606530785266369e-01,-5.928040461777339676e-01,1.452353282582537153e+00,-1.002746424363733846e+00
7.065774130347303450e-02,-8.679168145067404083e-01,1.326623133672600652e+00,-9.211666668421290005e-01,-5.722102635092672918e-01,1.382488941985904773e+00,-1.002734253022352640e+00
6.661612134463341939e-02,-8.135320113375945628e-01,1.335871103724855402e+00,-9.211666663395859933e-01,-5.206678159142448248e-01,1.380137945183089077e+00,-1.002733889073788465e+00
5.236583766744223184e-02,-7.915884580295946549e-01,1.341899753151683194e+00,-9.211666646951042203e-01,-4.402560008360172361e-01,1.364409836919964203e+00,-1.002735002450111601e+00
2.732576701259132462e-02,-8.196671872688000571e-01,1.407484825438630738e+00,-9.211666640159975605e-01,-3.517238513803334632e-01,1.337691661717545166e+00,-1.002733303418490429e+00
1.140382006488976571e-02,-9.156976759905720575e-01,1.554001933147236780e+00,-9.211666217448869487e-01,-2.969383683347730507e-01,1.308311805343182366e+00,-9.552036303578408383e-01
1.114324535830719248e-02,-1.025850413916446380e+00,1.565632662535753283e+00,-9.211666185533862183e-01,-2.659347860337092917e-01,1.280237397608851024e+00,-9.552023875955515386e-01
9.062061756247016125e-03,-1.108457238655821353e+00,1.493435148886431030e+00,-9.211243794707398846e-01,-2.214728162492726471e-01,1.243081258429792779e+00,-9.774034250536104418e-01
5.120649196592479829e-03,-1.108491100927159634e+00,1.360294588677469108e+00,-9.210788030301998441e-01,-1.498930809825364530e-01,1.207232506472982747e+00,-9.944042646689854603e-01
4.098637258859309448e-03,-1.108491181147915450e+00,1.370033619496509036e+00,-9.092532387168286157e-01,-1.126479580483012582e-01,1.226236344558400582e+00,-9.944041775281304840e-01
4.790602194283812704e-03,-1.108491205647601285e+00,1.380527058334579227e+00,-9.092527105274424981e-01,-1.197274588316944444e-01,1.239865467709218905e+00,-9.944041772976944804e-01
1.736259742009778340e-02,-1.085458323004240722e+00,1.377909499861617704e+00,-8.315797301003506892e-01,-2.013227580178318377e-01,1.389710871559860728e+00,-9.944044110478040821e-01
2.095523028704406737e-02,-1.056238774191166740e+00,1.376752567765231916e+00,-8.062965008347153795e-01,-3.219674231316672630e-01,1.544013964312717091e+00,-9.944042777103704323e-01
2.655221852004797586e-02,-1.042861275382998443e+00,1.372588406605125932e+00,-8.458595787260303478e-01,-4.643926200379373537e-01,1.639860001021986813e+00,-9.944186933817644736e-01
2.569826993007515159e-02,-1.032984568888768884e+00,1.369212877324797351e+00,-8.756735137807606373e-01,-6.129028489022850801e-01,1.639863828971164228e+00,-9.944079640142335919e-01
2.596864852198765145e-02,-9.581966484967919806e-01,1.366232013512135968e+00,-9.218353574139102058e-01,-6.129153117306731513e-01,1.510989096539950616e+00,-9.946561706434676742e-01
2.420315381251340187e-02,-8.499577036194176927e-01,1.355202838720280356e+00,-9.625544092779660943e-01,-5.608704700847598756e-01,1.374218261399126728e+00,-9.946072865558656106e-01
3.679334342599467622e-02,-7.676441173201850043e-01,1.365265533029895728e+00,-9.640611711043997056e-01,-4.867527827037124166e-01,1.365518467904582867e+00,-8.559790791152845912e-01
5.588146746271226151e-02,-7.377827371802159195e-01,1.394453601667649423e+00,-9.638995602423288123e-01,-3.978762362383541085e-01,1.364200075922308075e+00,-9.148035209452027861e-01
6.948666216337050228e-02,-7.292326333010548112e-01,1.357789684628920801e+00,-9.637737240573438502e-01,-3.159108476684512334e-01,1.352301959232095507e+00,-9.615687930474789979e-01
7.456533565595070689e-02,-8.225612928540350088e-01,1.501942077066543924e+00,-9.637453172151425607e-01,-2.622147137718954246e-01,1.336434737905869863e+00,-9.852765558847275118e-01
7.188162756693974864e-02,-9.543298070493619889e-01,1.587655422180227038e+00,-9.637291963266456651e-01,-2.296052178358099216e-01,1.317165769956964327e+00,-9.995669859165520199e-01
5.946904985049047271e-02,-1.057203706346810268e+00,1.495122884260462248e+00,-9.637292739815463971e-01,-1.757947815415275006e-01,1.273970425413467389e+00,-9.499819294682232407e-01
5.243455218809316143e-02,-1.055216908736521741e+00,1.370501386189468596e+00,-9.636280047451688535e-01,-7.761860110353524522e-02,1.223611235400917430e+00,-9.847782458823466367e-01
4.254103366568851019e-02,-1.053590490576203464e+00,1.372406756844541054e+00,-9.635830667032362351e-01,7.789129238764180840e-03,1.202118022219262894e+00,-9.909804718280024183e-01
3.894620777532400990e-02,-1.052272373362870495e+00,1.389454697249595583e+00,-9.635822738033027468e-01,5.842341552959805229e-02,1.190600886218152965e+00,-9.915571691811506660e-01
4.544399122766053234e-02,-1.051217804799611688e+00,1.391007466989174768e+00,-9.635833534374333986e-01,5.973998086464493706e-02,1.194483282808253000e+00,-9.919093893897772407e-01
5.968210878558824484e-02,-1.050374247221121271e+00,1.391770705036796008e+00,-9.635829542592917463e-01,-1.024066180657430547e-03,1.239375251733703776e+00,-9.919093950580017971e-01
7.803006913082000118e-02,-1.047744913946783818e+00,1.382441334277539458e+00,-8.976590049458768039e-01,-1.303891834345655421e-01,1.363534657417175389e+00,-9.919091143770401020e-01
8.024911242116057608e-02,-1.047598327467897938e+00,1.372301298566989347e+00,-8.580073514125080569e-01,-2.739119024741321073e-01,1.408603827951912191e+00,-9.919091855090694798e-01
7.597093047955956469e-02,-1.033669779244972720e+00,1.347289434181556000e+00,-7.581091541900767394e-01,-4.402851783507463201e-01,1.436556662294524500e+00,-9.919091856808456287e-01
7.790236938254488375e-02,-1.019811507481489521e+00,1.333247887477180260e+00,-8.025742207801217498e-01,-6.025904439303201299e-01,1.441404213369531062e+00,-9.919449219781063531e-01
6.890570181647434622e-02,-9.372064952317402664e-01,1.324952141392568228e+00,-8.602247319417102300e-01,-6.026024591991659962e-01,1.349916948137150019e+00,-9.922339065693558391e-01
5.630071630503774571e-02,-8.680883049688321584e-01,1.360405121459083988e+00,-8.646333302540720744e-01,-5.806070236606681867e-01,1.361555267838823857e+00,-9.922283424511062488e-01
4.613276965107775823e-02,-8.506858349979760092e-01,1.458561845613061125e+00,-8.646333321272997585e-01,-5.175785559388589308e-01,1.368581289043525384e+00,-9.922278530994540491e-01
6.228612709850180063e-02,-8.589065367779743498e-01,1.562584689018911011e+00,-8.646333267772211562e-01,-4.421873642977843799e-01,1.358708587235969212e+00,-9.236803630469910820e-01
7.778893536650628715e-02,-8.827561162515299431e-01,1.509351957478742179e+00,-8.646333240147237031e-01,-3.829266161201972940e-01,1.343978589886688280e+00,-9.236785613733754507e-01
8.452652730315757257e-02,-9.331598489582908496e-01,1.489717084949116810e+00,-8.646356855270211916e-01,-3.059071618866769926e-01,1.301245111096851037e+00,-8.111294752854923962e-01
9.868855111558842708e-02,-9.742004726455119057e-01,1.445405275067363382e+00,-8.645425027858724132e-01,-2.179637630358105260e-01,1.264000775601364035e+00,-8.693973978577984596e-01
1.067129824245457159e-01,-1.018069139817179281e+00,1.415831517706066744e+00,-8.644707488893164093e-01,-1.257832982993313253e-01,1.222914539341063644e+00,-9.130910564819443298e-01
1.084432473851740519e-01,-1.057401934645119557e+00,1.379788498754743742e+00,-8.644071470364015353e-01,-3.008049565002382519e-02,1.175801885145523640e+00,-9.475154084896543205e-01
1.059376557446947420e-01,-1.055360049271504286e+00,1.385486457837037388e+00,-8.643041106365961790e-01,8.033375660277569663e-02,1.135062640038544401e+00,-9.619980093135424015e-01
9.950595637751363798e-02,-1.053688039434376611e+00,1.395999929697902209e+00,-8.643046611677330793e-01,1.792266650296237551e-01,1.122533918751627446e+00,-9.619980093135425125e-01
9.751090084055520635e-02,-1.052350438310872605e+00,1.406092188264552956e+00,-8.643037072142477628e-01,2.345716995068892752e-01,1.141081705306983052e+00,-9.619980181140604936e-01
1.048830429529172409e-01,-1.051280665578961493e+00,1.394553757998539867e+00,-7.589420649389700957e-01,2.508913055528378955e-01,1.114508350637408274e+00,-9.619980149367929334e-01
1.192309005721459980e-01,-1.050425197421303691e+00,1.375340453035414523e+00,-6.328396524238111276e-01,1.516896174469535841e-01,1.275520719396296077e+00,-9.619981105344747041e-01
1.388706997738923254e-01,-1.049068329574785352e+00,1.371268273320196407e+00,-6.864710391347728091e-01,2.014810989138804409e-03,1.440171230713400252e+00,-9.619536813964687516e-01
1.459340286408151721e-01,-1.048136452051888767e+00,1.362964787339521644e+00,-7.314450902403829557e-01,-1.665525945795505169e-01,1.554163761060973536e+00,-9.619153334754172446e-01
1.438882804474282406e-01,-1.047057099575736006e+00,1.353180161554423444e+00,-7.680813179608844132e-01,-3.307708650820287977e-01,1.559286932723420449e+00,-9.619508285869179387e-01
1.377092977573584898e-01,-1.046693843338618590e+00,1.338303568554713330e+00,-8.042044702508208687e-01,-5.104132669724057436e-01,1.511741567031859246e+00,-9.619371248022056120e-01
1.159570549008313439e-01,-1.029080248845974488e+00,1.326921475684571528e+00,-8.375961060699111949e-01,-6.724350493926205541e-01,1.498399752332588042e+00,-9.619092354964609015e-01
8.240210016217382194e-02,-9.366474949421769169e-01,1.314175818230651993e+00,-8.879575975454105929e-01,-6.724322474483358514e-01,1.413125737573322160e+00,-9.621661674906759609e-01
5.333410528847887244e-02,-8.613015936945004336e-01,1.320849673123345225e+00,-8.879575962807282341e-01,-6.415952373980120527e-01,1.419244619615879222e+00,-9.621653411624536689e-01
3.991142489850360575e-02,-8.247794676445842077e-01,1.344489715487901194e+00,-8.879576922560621366e-01,-5.615793735683822785e-01,1.402455946137240561e+00,-9.366480371062546606e-01
5.792769192902992581e-02,-8.303488160993478528e-01,1.450390016372032909e+00,-8.879576948663515656e-01,-4.737278798319117801e-01,1.399380366548820920e+00,-9.366466119975398463e-01
6.906820339471750336e-02,-8.702180933705526700e-01,1.574578596830666033e+00,-8.879618613799803439e-01,-3.704641216879760446e-01,1.377105236695276957e+00,-8.947589881428570369e-01
8.180989817213794868e-02,-9.201545356696121392e-01,1.547229458943363722e+00,-8.879618651744231039e-01,-2.321038751727467764e-01,1.187748341577920419e+00,-8.947589881428570369e-01
9.448853796643615077e-02,-1.017610917813998261e+00,1.555342042487330989e+00,-8.878885445339180782e-01,-1.473397231959509279e-01,1.171934427967514347e+00,-9.469731631216812273e-01
9.502015697852961296e-02,-1.106955178674882134e+00,1.418714935106074604e+00,-8.878334790869174542e-01,-5.812254527024061923e-02,1.134190930667416719e+00,-9.933353394019655003e-01
8.403282909891160446e-02,-1.107027714307128763e+00,1.374283864711828285e+00,-5.972984833344952005e-01,6.946355512361319928e-02,1.092708245506130993e+00,-1.025553150442279904e+00
6.845654206348512905e-02,-1.107027758466917922e+00,1.382623647063793371e+00,-5.972975950031123027e-01,1.474811175036838118e-01,1.166727279976690346e+00,-1.025553149694190314e+00
6.153922029924405179e-02,-1.107026811984307857e+00,1.366665271187499808e+00,-5.972957370890444873e-01,2.122053294824004510e-01,1.148091798656981188e+00,-1.026918362080806668e+00
6.923555995635136129e-02,-1.107026897224820283e+00,1.366418948323463445e+00,-5.677847267856309665e-01,2.104405739817362675e-01,1.166067455047092416e+00,-1.026918360702573363e+00
9.003600437485806407e-02,-1.107026933886141817e+00,1.372959369201303348e+00,-5.677836126766658831e-01,1.411174357491137288e-01,1.239840641170960600e+00,-1.026918370259501279e+00
1.355926965522633865e-01,-1.107060698978492130e+00,1.398017357380083814e+00,-6.132364528303025919e-01,1.655074866629499541e-02,1.336835538701425241e+00,-1.026913360358668870e+00
1.840344882854718644e-01,-1.107118195435574659e+00,1.395323265393395129e+00,-6.633221449436070838e-01,-1.705488024698876004e-01,1.475479536039700168e+00,-1.026919655662263064e+00
2.057845538202711655e-01,-1.107192014952775416e+00,1.387941950384178558e+00,-7.091805410636295992e-01,-3.663112503095133921e-01,1.547745611020728607e+00,-1.026937980457037103e+00
2.122021148224103315e-01,-1.066131874289819370e+00,1.353540270380510391e+00,-7.091805534493011987e-01,-5.654749345500905688e-01,1.513461301459723574e+00,-1.026937980457037103e+00
1.930667765824266302e-01,-9.950692069566967612e-01,1.365827614472972407e+00,-7.491959837972832492e-01,-5.654355361920410106e-01,1.340428973591630379e+00,-1.027168318872161201e+00
1.685895884654243226e-01,-9.203522442644667123e-01,1.415925551991543463e+00,-7.552167372771417808e-01,-5.343975445492620269e-01,1.346844714340265536e+00,-9.902755461615301291e-01
1.457772486358215325e-01,-8.988634267557051860e-01,1.523009116265841012e+00,-7.552167367459527991e-01,-4.482403581320821839e-01,1.344928689424044643e+00,-9.902752276107957830e-01
1.045053184247588113e-01,-9.099707277299505792e-01,1.650353271452609016e+00,-7.552167299767964526e-01,-3.393753778696060874e-01,1.303614917678879381e+00,-8.443693070663707001e-01
1.011555551052750190e-01,-9.078625849086934263e-01,1.603904036661878640e+00,-7.552935555103925669e-01,-2.430750464729653226e-01,1.282293506029495544e+00,-8.924947693636786639e-01
9.798684518710873426e-02,-9.407790650743879102e-01,1.523559200517754730e+00,-7.552331645413198347e-01,-1.464567353522056303e-01,1.249418871852221669e+00,-9.284055956807643062e-01
8.541251247581066464e-02,-1.021613727224363277e+00,1.477204320079870126e+00,-7.551915998972482669e-01,-6.888258574473844764e-02,1.217827190316802088e+00,-9.515611623944233433e-01
6.455495525460575035e-02,-1.088508125161976148e+00,1.433744230741097025e+00,-7.551607389612401411e-01,1.274642875531889485e-02,1.180379710564729123e+00,-9.696247863211984175e-01
4.583561227864385579e-02,-1.088519234681010861e+00,1.370520497539365667e+00,-7.551545533503452035e-01,1.119763257339717460e-01,1.143834444537546569e+00,-9.745849965769711742e-01
2.976865904152767306e-02,-1.088519264615849247e+00,1.377194545229369238e+00,-7.551539119837009650e-01,1.697738782289412995e-01,1.165922106412962345e+00,-9.745849961182841970e-01
2.504590489778973569e-02,-1.088519070860131110e+00,1.362851683895564658e+00,-6.588385425764136105e-01,1.953639700323172579e-01,1.109961131734931827e+00,-9.745851026844428722e-01
3.323094053963578098e-02,-1.088519101941736844e+00,1.369096347779691358e+00,-6.588369287037447730e-01,1.385689696026043416e-01,1.188291763769467657e+00,-9.745851176609252597e-01
4.591229193511434797e-02,-1.088519237466853973e+00,1.374346792244750759e+00,-6.588348012615223848e-01,1.086682099728897288e-03,1.381005041916944842e+00,-9.745851513633596586e-01
6.802156789407191873e-02,-1.072380994390939035e+00,1.361054792037757810e+00,-5.666992421389333012e-01,-1.555725594126645406e-01,1.552187787036788169e+00,-9.745852065053035584e-01
1.013608011640732554e-01,-1.067335020159626779e+00,1.359677288626887970e+00,-6.235076862182795665e-01,-3.200371755230168036e-01,1.599447806592880772e+00,-9.746132525462005702e-01
1.262914728187247149e-01,-1.063311670756183380e+00,1.349477568515977666e+00,-6.658095508769783510e-01,-5.013273558237079097e-01,1.562841640362485407e+00,-9.746439963732036471e-01
1.347678402825371324e-01,-1.048092966997413500e+00,1.349310019062228694e+00,-6.937136458095142233e-01,-6.624256015833599465e-01,1.530492982063935914e+00,-9.746533660546017330e-01
1.272592178859672518e-01,-9.668135536946191877e-01,1.365182622164608173e+00,-7.280869130608540463e-01,-6.623817010559858165e-01,1.442880447074197825e+00,-9.748662295605146078e-01
1.136172508751765592e-01,-8.843546654562304266e-01,1.396276481348527110e+00,-7.294278576992260232e-01,-6.357707446320578493e-01,1.439620042061958038e+00,-9.748651917054135252e-01
1.185930814693556268e-01,-8.342598693776558383e-01,1.422461817039949894e+00,-7.301093854801099514e-01,-5.454354574476624196e-01,1.295654482783108463e+00,-9.748668747640726329e-01
1.108181495124483662e-01,-8.121175852947991602e-01,1.434565507742912249e+00,-7.301093950725496828e-01,-4.557368426848724119e-01,1.292622291275628221e+00,-9.748626686597802182e-01
8.716068122686868036e-02,-8.426315320263741970e-01,1.522837117847529065e+00,-7.301093965111645767e-01,-3.525867264804523060e-01,1.277108500121579393e+00,-9.748609178285085886e-01
8.353969614452763648e-02,-8.990702839092309384e-01,1.613457841798460191e+00,-7.301104677417040723e-01,-2.483023331447236914e-01,1.253437918473542023e+00,-9.585662109357505622e-01
6.900356768123293294e-02,-9.642298058714858788e-01,1.554912554082484411e+00,-7.301104639751399006e-01,-1.465779677340051101e-01,1.213222408916123651e+00,-9.585643981766652777e-01
5.911305225453453160e-02,-1.018728289134534171e+00,1.484883845045154693e+00,-7.300786060496362584e-01,-4.961952799271658610e-02,1.171693335474078612e+00,-9.967244780374288071e-01
3.819490979430681388e-02,-1.053813075355814588e+00,1.415628784798500073e+00,-7.300509214455201956e-01,5.012703842450966230e-02,1.134717081234788205e+00,-1.016359248593452280e+00
1.701487776325738555e-02,-1.052450460297990720e+00,1.328419462749749647e+00,-7.300511732861780789e-01,1.139208912389153283e-01,1.153243500575090064e+00,-1.016359248593452280e+00
2.980512970400042705e-04,-1.051361786391822983e+00,1.347733481950817547e+00,-7.300640230275062814e-01,1.563977114624319764e-01,1.131815094755848294e+00,-1.016357120987966267e+00
3.186898112607028377e-03,-1.050489617442437851e+00,1.328981397112039664e+00,-5.264384633876539876e-01,1.130702385454302739e-01,1.194433033333838434e+00,-1.016357117812738187e+00
3.046326619407480757e-02,-1.049798402439264811e+00,1.391742053934968748e+00,-5.688043305360230839e-01,8.699514391881324471e-03,1.331858747244788699e+00,-1.016356767034300779e+00
6.311333972633534350e-02,-1.039215280910924744e+00,1.413293068172608802e+00,-6.364201484552239885e-01,-1.473146336049384331e-01,1.491253832467052121e+00,-1.016262357934185401e+00
8.769560656548422428e-02,-1.030437204728069212e+00,1.423028733988077388e+00,-6.957325579060064102e-01,-3.353288208170841500e-01,1.619474676896405674e+00,-1.016184390399360815e+00
1.020321198370715277e-01,-1.018328868365880657e+00,1.421468802299158840e+00,-7.485502169540937389e-01,-5.293335528508067434e-01,1.619481120227742155e+00,-1.016121417977469132e+00
1.063876053950420508e-01,-9.401277277815771605e-01,1.444135106241343669e+00,-7.796386571292194256e-01,-5.281536706075354859e-01,1.427808655485989009e+00,-1.016323246499847066e+00
1.032138190853300885e-01,-8.432802776964603009e-01,1.484753768444260880e+00,-7.848090437023166333e-01,-4.818379639469046460e-01,1.423247611992823680e+00,-9.664056582711710863e-01
9.791522038086178381e-02,-8.008663039009638052e-01,1.534695252467228821e+00,-7.848090431087219043e-01,-4.198645068981753936e-01,1.417212520420760180e+00,-9.664051690760820934e-01
8.086134418564641657e-02,-7.751216101726350338e-01,1.532054235042418666e+00,-7.848090512163794497e-01,-3.145169694728574550e-01,1.395144966661531871e+00,-9.664036551234749250e-01
7.455386830017288191e-02,-7.550297971434895006e-01,1.428488729613598851e+00,-7.848090477916158658e-01,-2.077687564102757567e-01,1.361425046352290336e+00,-9.664018949385835278e-01
5.576131747556734020e-02,-8.217528003501828326e-01,1.502370162112775187e+00,-7.848090507697269569e-01,-1.026653055543457344e-01,1.321690493925766097e+00,-9.664003930564080136e-01
1.707272858281047578e-02,-9.447858759422292918e-01,1.527055105389195866e+00,-7.848090492605244162e-01,-4.936306982758142253e-02,1.284072360019972825e+00,-9.663993339865863952e-01
1.567811057656905843e-02,-1.014462943633107184e+00,1.413535425268971801e+00,-7.847731615217805601e-01,2.265870896392172679e-02,1.224160018594355970e+00,-1.002071097116865150e+00
1.270962125069550336e-02,-1.056339983645006031e+00,1.391815308810838259e+00,-6.509477518024993081e-01,7.347600090036307541e-02,1.197067948905434775e+00,-1.008383543799027171e+00
2.158000650949098639e-04,-1.054471817513859655e+00,1.397171676172701549e+00,-6.509457678048101714e-01,1.186788815995434565e-01,1.176209105996362414e+00,-1.010603056850305270e+00
2.222816501111818041e-02,-1.052977609467287579e+00,1.398727547265206539e+00,-6.245660790830002140e-01,9.693086187409384602e-02,1.203691116705744024e+00,-1.010603003981720427e+00
5.278581137972347681e-02,-1.051398972231924800e+00,1.435449244497834620e+00,-6.508573208645372921e-01,3.071534576573291264e-02,1.222186559581077692e+00,-1.010619359606220069e+00
8.840650628784943454e-02,-1.050557225885202062e+00,1.445976723826028598e+00,-6.881713153062222199e-01,-1.187608051355769218e-01,1.379822570071145060e+00,-1.010626097945852120e+00
1.362649308552189298e-01,-1.000623647292751883e+00,1.386454779515573055e+00,-6.881713154369289986e-01,-3.098237964243267251e-01,1.578277584909293596e+00,-1.010626098151965913e+00
1.555102263046886646e-01,-9.914945037568460018e-01,1.388006135494491478e+00,-7.205966909939789389e-01,-4.746915904209411674e-01,1.576777619478176629e+00,-1.010643151986713395e+00
1.626732076283294026e-01,-9.834911339881609038e-01,1.396066444737789292e+00,-7.376396432509265688e-01,-6.446212234447434852e-01,1.516535887491468948e+00,-1.010648821151039156e+00
1.507303951034727474e-01,-8.948047277173648562e-01,1.410448177297777272e+00,-7.629857043143044582e-01,-6.445992975900193267e-01,1.415752353282277554e+00,-1.010790607078489778e+00
1.288564619149146495e-01,-7.726415444129177690e-01,1.427812821036453794e+00,-7.783683588727832170e-01,-5.978529241256276272e-01,1.423676200252924628e+00,-1.010795277599955799e+00
1.163292473553178552e-01,-7.097711904601979871e-01,1.499754000992259195e+00,-7.783683616985964671e-01,-5.020434877808900298e-01,1.423370913886666811e+00,-1.010794514865627658e+00
9.687501337394970047e-02,-6.683461029778158258e-01,1.521377439418176047e+00,-7.783683591582163386e-01,-3.783946576415050389e-01,1.405701309368331264e+00,-1.010796030677597823e+00
7.315240295536727666e-02,-6.312387714177086773e-01,1.444615265936234350e+00,-7.783683616604331057e-01,-2.367600436932831842e-01,1.364944054001541840e+00,-1.010794647941506197e+00
7.401307323699465868e-02,-6.470109125518411775e-01,1.457670705913109099e+00,-7.783683616604331057e-01,-6.170652241881224853e-02,1.237279740004414208e+00,-1.010794660294238145e+00
5.614220563900907540e-02,-7.049418926746425784e-01,1.501889583433524411e+00,-7.783683649651325087e-01,1.131877526221925501e-01,1.165685453956413431e+00,-1.010795839124366990e+00
2.036455213620774057e-02,-8.299536338464561513e-01,1.490701264578131013e+00,-7.783514496726432474e-01,2.067369529086562907e-01,1.110631528234045318e+00,-1.030483391506568758e+00
3.168846953540307293e-02,-9.599225540898808084e-01,1.351794103646774214e+00,-7.783514526357575569e-01,2.432087653558627494e-01,1.048951173179473395e+00,-9.363010376142093527e-01
7.927213228179769144e-02,-1.070367515940546799e+00,1.266670415493636792e+00,-1.994395410652103351e-01,2.623504515008897031e-01,1.053876650653228220e+00,-9.389113811110308960e-01
7.374677102396383355e-02,-1.065686413150401579e+00,1.297661137325235359e+00,-2.427935426014015130e-01,3.179065571459280259e-01,1.040980942333869619e+00,-9.389188439791591456e-01
4.763872970863887446e-02,-1.061950083517254173e+00,1.342238380112089846e+00,-3.149170477154625836e-01,2.613884333475161581e-01,1.227869332500646227e+00,-9.389189147548262504e-01
1.753245713958034857e-02,-1.058959174706904705e+00,1.386648112084654549e+00,-3.991035930821663080e-01,1.494015039056937333e-01,1.450766604364063461e+00,-9.389189064166918453e-01
1.891871697517817641e-03,-1.049139227401018504e+00,1.420520147826974000e+00,-4.826317569199457536e-01,1.674822766448677558e-02,1.632190909833717507e+00,-9.389280988290560348e-01
2.860759733712587433e-02,-1.048722608429629055e+00,1.463033974474445165e+00,-5.240285524291417030e-01,-1.089981654874131733e-01,1.632124592328624502e+00,-9.389462682635523194e-01
4.977331434684342804e-02,-1.048378543529099538e+00,1.485302802523693178e+00,-5.587475695359706007e-01,-2.704924943485385591e-01,1.599043513715167730e+00,-9.389674486050415547e-01
5.931295392751356754e-02,-1.047487913417121552e+00,1.503478670602441003e+00,-5.803030958225414704e-01,-4.495291639265719397e-01,1.562485624111167093e+00,-9.389825961224471662e-01
5.259286438930907415e-02,-1.029934820933541273e+00,1.525130954596851218e+00,-6.000309954688138880e-01,-6.133110024407680827e-01,1.549262170611839240e+00,-9.389990784698283299e-01
3.635373238085608250e-02,-9.365962761287147664e-01,1.556259149326367552e+00,-6.230516739970778373e-01,-6.132720669844289318e-01,1.482779635319128930e+00,-9.391477912347570012e-01
2.100736793653485215e-02,-8.258785412715875518e-01,1.591128242080440236e+00,-6.252960618050925623e-01,-5.676062010475958486e-01,1.452646816573441413e+00,-9.391462261372153231e-01
3.014295036319394883e-02,-7.323076016477929606e-01,1.587454515959586532e+00,-6.299784475490438629e-01,-4.857785624654624712e-01,1.451379099422224650e+00,-9.391259768019338816e-01
4.164907140214944153e-02,-6.745265038972575455e-01,1.584122818146706635e+00,-6.299784491174270640e-01,-3.616941164964165845e-01,1.439772856573052096e+00,-9.391251837992159457e-01
4.146329476654585927e-02,-6.494426988908038600e-01,1.581591305591626417e+00,-6.311066660326001276e-01,-2.297649523565297447e-01,1.411812624487234658e+00,-9.391175105831101044e-01
2.761752025684316783e-02,-6.606747136305929358e-01,1.579686050137948605e+00,-6.331941359664068347e-01,-9.701726050655376521e-02,1.367064213550215790e+00,-9.390881220113844741e-01
4.539733498565656430e-03,-7.301277764499768397e-01,1.577908040110358900e+00,-6.331943338810250843e-01,4.181149512988677208e-02,1.194969785761917036e+00,-9.390881183768593488e-01
1.701242824312267088e-02,-8.458914678284122912e-01,1.551749095110895427e+00,-6.336162467156991607e-01,1.275409568074191424e-01,1.150356048933750097e+00,-9.822441193017158456e-01
1.362726645992273083e-02,-9.819102967970007034e-01,1.498717707714835923e+00,-6.336150659384818251e-01,1.594947156562601109e-01,1.141697797772262879e+00,-9.775487391126214121e-01
1.097451372751515053e-02,-1.075069887602468022e+00,1.402732805205783473e+00,-6.336119769768975285e-01,1.945893068302817497e-01,1.112548189439440893e+00,-9.821971863039674622e-01
1.449030636147464503e-02,-1.069455911965736528e+00,1.277969257531776481e+00,-6.336123421079704610e-01,2.242957611287578756e-01,1.113025643943728493e+00,-9.821971825319411042e-01
5.112319630627694400e-02,-1.064964506086383267e+00,1.285857979571595644e+00,-5.283109464677728795e-01,2.097096078891129423e-01,1.178025370459272470e+00,-9.821971845566073167e-01
9.664029852791897190e-02,-1.061384913299268318e+00,1.363562621224924110e+00,-5.707490651886124589e-01,1.730914376202962734e-01,1.217391957050110163e+00,-9.829178783870127223e-01
1.483696441987048809e-01,-1.058527740277757090e+00,1.400810018551886360e+00,-6.192469034001844008e-01,3.783754752936913102e-02,1.398274958101369814e+00,-9.829316686403901659e-01
2.034853008273366515e-01,-1.050502461649615693e+00,1.411510054733415620e+00,-6.855222914530387790e-01,-1.451570621929706151e-01,1.581597779241225243e+00,-9.828443061308755890e-01
2.313278303115548218e-01,-1.035264763992471027e+00,1.411036367293546201e+00,-7.270228264409724916e-01,-3.085479405917343487e-01,1.579506244122486969e+00,-9.828596924711479055e-01
2.420332855960875551e-01,-9.777708654878992656e-01,1.377251908964262306e+00,-7.270228328269104923e-01,-4.870388437191643938e-01,1.515307238450689820e+00,-9.828596924711479055e-01
2.197517794428190674e-01,-9.503515892054951175e-01,1.375397873086452227e+00,-7.762236939969674454e-01,-6.668247210257053359e-01,1.461832774454596695e+00,-9.828843648704603808e-01
1.771928734408901307e-01,-8.493058462047787804e-01,1.397085079303802768e+00,-8.085498469031626723e-01,-6.668128115896928554e-01,1.463150133926835572e+00,-9.825796436568889902e-01
1.505290681742635361e-01,-8.134027615268328848e-01,1.511019671181568880e+00,-8.085498486204016899e-01,-6.154853129307717996e-01,1.463727854403226836e+00,-9.825792588989455956e-01
1.267111033338993997e-01,-7.986374929446626858e-01,1.569059706429438483e+00,-8.085498484373188077e-01,-5.105071224939246033e-01,1.455109799459729514e+00,-9.825804044151204009e-01
1.137364221791276192e-01,-7.850991700673950469e-01,1.507284514583064006e+00,-8.085498484373188077e-01,-3.203530556244891803e-01,1.242685359890250751e+00,-9.825804029273428331e-01
1.137166121482306863e-01,-8.284671343697213031e-01,1.567565786548220208e+00,-8.085554797096331514e-01,-2.146220871294884092e-01,1.242970518667402047e+00,-9.825771180661425630e-01
1.027745165592020143e-01,-8.429219539966755770e-01,1.507194807717031404e+00,-8.085628469883454628e-01,-8.605173005472907533e-02,1.216788162362784753e+00,-9.825521579780880366e-01
8.444232660010460301e-02,-9.143184989811781183e-01,1.553745874782405556e+00,-8.085481946217577542e-01,1.233217075784710792e-02,1.205286267348338658e+00,-1.001484772446258997e+00
5.321497052371497449e-02,-9.427422605842751269e-01,1.416479326526037141e+00,-8.085481896794599610e-01,1.297042343385022556e-01,1.148846684535835605e+00,-1.001485479836253800e+00
3.660651349320753756e-03,-1.002905490305449954e+00,1.365911142515846111e+00,-8.085481923129343995e-01,2.082361752663572374e-01,1.137953455705380534e+00,-1.001485479836253800e+00
5.266179757586130633e-02,-1.062003124615310767e+00,1.375092586575092479e+00,-7.978627945979429592e-01,2.883258855629138306e-01,1.037416694796508221e+00,-1.001485484455787667e+00
8.256175107300682547e-02,-1.059001457973166360e+00,1.261393587469195499e+00,-6.255612736069633417e-01,3.169053471994033866e-01,1.049180069095698276e+00,-1.007353080901459474e+00
8.096636025222563038e-02,-1.056598749094722400e+00,1.302047293894282420e+00,-6.255575334260581322e-01,3.430571779534044574e-01,1.049623542867399895e+00,-1.009892124248610079e+00
5.911833811585420762e-02,-1.054679021351083712e+00,1.304237393611868523e+00,-4.868534254530930139e-01,2.777494913580751956e-01,1.176782963337103416e+00,-1.009892113390074897e+00
3.146603780322545368e-02,-1.053143248617248506e+00,1.339474994408745845e+00,-4.868523277926675163e-01,2.012687510178108319e-01,1.220783250805417941e+00,-1.009892120177841468e+00
1.501370670640639511e-02,-1.050986833133554565e+00,1.367054259397155525e+00,-5.648434650561366954e-01,7.201736200704175750e-02,1.312025323832449297e+00,-1.009126052899225634e+00
5.912668489898527391e-02,-1.049338540486657756e+00,1.392604666916818390e+00,-6.336945729026864926e-01,-9.492218117398457111e-02,1.429154679381620330e+00,-1.009054245580812692e+00
9.419166079753088505e-02,-1.048916753951169234e+00,1.415560685916275041e+00,-6.816924799869130691e-01,-2.897355588221119937e-01,1.517261392058928848e+00,-1.009074144842450949e+00
1.155064653634572391e-01,-1.048586151659042232e+00,1.439579434825267512e+00,-7.174530405181905879e-01,-5.005802012853795002e-01,1.539434985799789546e+00,-1.009098817911584067e+00
1.185894989109680941e-01,-1.048314412097517190e+00,1.464684568858908076e+00,-7.414653999153199004e-01,-7.166243517854296030e-01,1.476156405583294751e+00,-1.009121776021110195e+00
1.268644082516904026e-01,-8.724656697666689498e-01,1.358066723074943249e+00,-7.414791174634204340e-01,-7.166087050945085801e-01,1.449861073239253173e+00,-8.114778957587749364e-01
1.234372211544114972e-01,-7.589938823486560571e-01,1.418567741147554129e+00,-7.621818193796623397e-01,-6.568984336751366726e-01,1.463423264360100395e+00,-8.113434032231477966e-01
1.208989995775643506e-01,-6.712828476868007987e-01,1.466915314191095110e+00,-7.621818192705333006e-01,-5.532781448939575464e-01,1.479846081359743604e+00,-8.113424852346901028e-01
1.358738269680240252e-01,-6.160055793324635820e-01,1.497664429592939328e+00,-7.621818192705331896e-01,-3.720477020230776866e-01,1.312329031924142964e+00,-8.113424839276101030e-01
1.285938152089082798e-01,-5.620393961678367134e-01,1.494859661862533606e+00,-7.630703067321871202e-01,-2.585765110997076399e-01,1.335890430104503812e+00,-8.788243542227069938e-01
1.232922292170234024e-01,-5.814197252179438280e-01,1.561304803526332607e+00,-7.629507287258401327e-01,-1.569570373138897135e-01,1.334147602494656359e+00,-9.342984843758241897e-01
1.129465455998690526e-01,-6.399183752158982275e-01,1.544947776030128894e+00,-7.628701788374760984e-01,-7.420510247942867232e-02,1.311937092894620349e+00,-9.739053573268279251e-01
9.530767484774552156e-02,-7.268880323581035086e-01,1.519520737817712464e+00,-7.628094482051239744e-01,-1.450633698023090501e-03,1.279409189798308644e+00,-1.002861797355845797e+00
6.910894507452795821e-02,-8.302180836233512551e-01,1.489304416891501726e+00,-7.627907544730238021e-01,6.228818674839110836e-02,1.243752309263572720e+00,-1.015562898176653350e+00
3.315986383067884291e-02,-9.382859600857282878e-01,1.454425293595144941e+00,-7.627907478264613905e-01,1.237118680953118166e-01,1.206112193543133815e+00,-1.015564016890184273e+00
6.824606061607410568e-03,-1.039364702609161251e+00,1.398103223054541600e+00,-7.627670431110443738e-01,1.695021199796652445e-01,1.171646955307202420e+00,-1.026361613422216434e+00
4.319365976736657536e-02,-1.122117809527494403e+00,1.336926075685834991e+00,-7.627670485302783243e-01,1.851737761057281606e-01,1.152933822953781329e+00,-1.025401689871728861e+00
5.943956324159513360e-02,-1.122114726102326321e+00,1.320485030156824946e+00,-7.000940517772230587e-01,2.488677669304087403e-01,1.132522012190267935e+00,-1.031421014105360578e+00
4.685423585875012759e-02,-1.122114726102326321e+00,1.368683465327573900e+00,-6.626019019717017677e-01,2.634734305176933966e-01,1.159907064742419669e+00,-1.031421065356798561e+00
1.616523533457546458e-02,-1.121732709170206288e+00,1.298941382371188169e+00,-6.626019019506345087e-01,1.991631972143842744e-01,1.226347619629767349e+00,-1.031421065356798561e+00
2.120407545061439580e-02,-1.115155653613268072e+00,1.328722832913244556e+00,-5.771486701916592743e-01,1.219923920085042301e-01,1.276409691034693372e+00,-1.031421119487955007e+00
5.203897167357974390e-02,-1.092637564236839109e+00,1.298575041378089656e+00,-2.567625650582233687e-01,1.276232873502129717e-02,1.307364316399814319e+00,-1.031421048112713068e+00
7.290972370104999156e-02,-1.075224364055244353e+00,1.367052999316911155e+00,-3.717040283428916236e-01,-9.308735609643281617e-02,1.330114053894389858e+00,-1.031421167375170089e+00
1.160390702583874445e-01,-9.630160430325147569e-01,1.192718584842775709e+00,-6.855308556514210228e-01,-2.567547273084256343e-01,1.426414291082566344e+00,-1.031420716686852979e+00
1.213324945976909097e-01,-9.583824284409974137e-01,1.257749663665701290e+00,-7.474595259564302818e-01,-4.204918938908043247e-01,1.502004369833807251e+00,-1.031515450919102905e+00
1.164744869704568697e-01,-9.404362511426063165e-01,1.306543827884576237e+00,-8.047759517473730417e-01,-5.691553018291459765e-01,1.530882506958064937e+00,-1.031485458433917923e+00
9.304439106992305752e-02,-8.580539322873416141e-01,1.347989835954337412e+00,-8.778005252865972441e-01,-5.691080057000942327e-01,1.417194353903708626e+00,-1.031848510317632917e+00
5.421182927676316404e-02,-7.413861427181130948e-01,1.373288638613751278e+00,-9.517567196792848794e-01,-5.376799364925241020e-01,1.423499468985260030e+00,-1.031686805022327347e+00
2.695395664568903116e-02,-6.736856904129294721e-01,1.417723270194545249e+00,-9.645752366935134159e-01,-4.995428753346566886e-01,1.424738028096295572e+00,-1.031681733876644191e+00
1.800740593505549547e-02,-6.227579922379523625e-01,1.417682961070594772e+00,-9.865574452772383207e-01,-4.422794433587690088e-01,1.425673677298727737e+00,-1.031655861626659343e+00
3.889361226600196453e-02,-6.138965714994898404e-01,1.418335279470278376e+00,-9.865563730104167650e-01,-3.789334859786767651e-01,1.429508630427474447e+00,-1.031655632688549318e+00
5.695146609999972298e-02,-6.329988193058353474e-01,1.425389263466580569e+00,-9.865563340449738927e-01,-3.164490029151673101e-01,1.425055703877454283e+00,-1.031656260943516035e+00
6.778318210046549441e-02,-6.757640599020973138e-01,1.436074327815715979e+00,-9.766773567539512868e-01,-2.619384268576541164e-01,1.413615952986508217e+00,-1.031656932741596311e+00
7.075882700850548435e-02,-7.210448539390531542e-01,1.448176011110039241e+00,-9.766773564678945529e-01,-2.010245192487560006e-01,1.395832085340308781e+00,-1.031658428613575929e+00
6.546931553057747100e-02,-7.560562995796025199e-01,1.457389821762448578e+00,-9.766774221003130529e-01,-1.256711921981655544e-01,1.370219744629421310e+00,-1.031659281496409619e+00
5.039554954439453421e-02,-7.929013382575085256e-01,1.467664985817313861e+00,-9.766774067015036032e-01,-3.539949790259898366e-02,1.334723136525960641e+00,-1.031657751714606608e+00
2.253942285538010001e-02,-8.476225274881600269e-01,1.480073951275375110e+00,-9.766773858572344036e-01,5.067915971506205264e-02,1.291994728415281735e+00,-1.031655824204325889e+00
1.937576817882848829e-02,-9.332375372270254044e-01,1.476560200089357844e+00,-8.781126234750185056e-01,1.101741200422649836e-01,1.248644196152705499e+00,-1.031655230561158154e+00
1.550251257395638023e-02,-1.042127080576243481e+00,1.477620035130150278e+00,-8.563042891630714415e-01,1.512081716977936863e-01,1.200796307929876239e+00,-1.022474649862107343e+00
1.240323404666994651e-02,-1.123159119643002857e+00,1.437789861188401908e+00,-6.502030056818510761e-01,2.150818780019094212e-01,1.136593780720610125e+00,-1.022474666783953712e+00
1.127627358734339946e-03,-1.123159437948543005e+00,1.418952702910442509e+00,-5.274984877134800687e-01,2.918030157305465666e-01,1.102510000137901125e+00,-1.023152070230534116e+00
3.628027924153733735e-02,-1.123159439503386592e+00,1.347720679947234323e+00,-5.274987928590829656e-01,2.575192634521512591e-01,1.247099014362723857e+00,-1.023152066608889577e+00
6.306358369008603637e-02,-1.114315804959922440e+00,1.353848042013033437e+00,-3.720268633735823727e-01,2.210082800888142351e-01,1.331045219666419310e+00,-1.023152012698639535e+00
7.546522878528516554e-02,-1.114348240273284718e+00,1.404308016377902035e+00,-4.513889889473678974e-01,1.510835326516861143e-01,1.392912451651959538e+00,-1.023145262855447601e+00
8.589108425132567504e-02,-1.113727058518135582e+00,1.435822430948342499e+00,-5.044738292321996331e-01,3.860815889081228858e-02,1.478413957132846068e+00,-1.023079250276072827e+00
9.219740291467243276e-02,-1.112894752170998869e+00,1.454878678279366344e+00,-5.679064542800503768e-01,-1.115870832970665694e-01,1.560039384011998376e+00,-1.023009529190659350e+00
1.060238005591548349e-01,-1.112152438288551926e+00,1.465992898613801110e+00,-6.250603560896574873e-01,-2.846167053716714967e-01,1.590903556821801956e+00,-1.022948649953503653e+00
1.145124262865457598e-01,-1.111463504501248201e+00,1.469218822771721555e+00,-6.763897364520095046e-01,-4.760543931424194852e-01,1.559514207407995956e+00,-1.022897572267155386e+00
1.124312338267260819e-01,-1.111535710391121867e+00,1.472793861170559326e+00,-7.156072006082869752e-01,-6.913072128487649515e-01,1.542225439895079431e+00,-1.022933112403389355e+00
1.055711812493907442e-01,-1.038200734782909640e+00,1.511668140814766970e+00,-7.482178600078648323e-01,-6.913421674114850202e-01,1.401653021327785797e+00,-1.023121882832582985e+00
8.702558685727460053e-02,-9.286972304661376132e-01,1.552049991219873304e+00,-7.732674185320846938e-01,-6.694739776481121174e-01,1.402470565943182867e+00,-1.023100750948457982e+00
7.958278988608676052e-02,-8.490810462783788815e-01,1.582737891515037632e+00,-7.740601973482795772e-01,-6.165304799270220348e-01,1.406456464244087323e+00,-1.023101447495025296e+00
8.321796672815466589e-02,-7.868474146795284563e-01,1.581242855336512099e+00,-7.853334061071136629e-01,-5.277592876831892488e-01,1.411995377460368406e+00,-1.023097285359886088e+00
9.922788470310320297e-02,-7.533305227359278211e-01,1.579153491974226053e+00,-7.853334052813545352e-01,-4.156849869824587040e-01,1.418823321303618989e+00,-1.023096707746681711e+00
9.491399026932036131e-02,-7.552609498927013165e-01,1.577481962414564176e+00,-7.853334085471108672e-01,-2.967379882845673222e-01,1.412254571301913231e+00,-1.023099876222395954e+00
7.313597697967649802e-02,-7.968952502829493856e-01,1.532249131035885226e+00,-7.853334161779410572e-01,-1.901510129257352744e-01,1.392151929658552056e+00,-1.023101953937528119e+00
3.116809157519799534e-02,-8.481644081314971828e-01,1.522252492572062854e+00,-7.853334175839937759e-01,-7.791170533778574159e-02,1.362266467016843396e+00,-1.023101608291739240e+00
3.303815383184607879e-02,-9.165356572943694768e-01,1.432603688453291113e+00,-7.853333469796727195e-01,2.168132139697594163e-02,1.319958604333218100e+00,-1.022208383838735468e+00
2.643198912881050341e-02,-9.821412452594107112e-01,1.405799819428262154e+00,-7.042514757307262174e-01,1.436363104801763879e-01,1.246097874816582740e+00,-9.264166362759604922e-01
2.144912976291053069e-02,-1.088491189184083607e+00,1.471927319428273151e+00,-6.890890619758833768e-01,2.602869459461492618e-01,1.200141364859910409e+00,-9.553710358550870918e-01
1.871032366618839357e-03,-1.088491830496838508e+00,1.331361830108828803e+00,-6.890860701308330061e-01,3.955591593608480672e-01,1.141979536635987724e+00,-9.567528173485277954e-01
2.541220556924702126e-02,-1.088491850581937648e+00,1.186174658278045246e+00,-6.890886835703542435e-01,4.836953995743207280e-01,1.155173470072535347e+00,-9.567527596474318941e-01
5.289331112353466702e-02,-1.088491850581937648e+00,1.152298155686444225e+00,-2.310905881491642777e-01,5.760623363415678932e-01,1.086615020554309252e+00,-9.567527573354437376e-01
1.060738913769617986e-01,-1.088491850581937648e+00,1.215886838617315391e+00,3.695062814733555134e-01,6.162017127188400556e-01,1.095542136079764362e+00,-9.567526899878012747e-01
1.741172005245750221e-01,-1.088492028665521083e+00,1.291091449740188191e+00,3.387903243250788288e-01,6.038073941298639502e-01,1.107364377895283303e+00,-9.567526558715042651e-01
2.498157101343310149e-01,-1.088491312615110118e+00,1.308258504442919801e+00,1.678164912404439546e-01,5.332518022951168168e-01,1.199488016964793236e+00,-9.589504637761379069e-01
3.492302835809475980e-01,-1.088491312617656748e+00,1.367368684239534282e+00,-6.421645360458252960e-02,3.986987689560766990e-01,1.338887180196756566e+00,-9.589504637761379069e-01
4.078174307918565056e-01,-1.081447661236289326e+00,1.328711473524522679e+00,-2.478828592235741424e-01,2.223014741033568498e-01,1.422042892080213505e+00,-9.589504553920747965e-01
3.960693091521300668e-01,-1.074563151136604722e+00,1.304170867361112984e+00,-2.778016687329000201e-01,4.124501131769051088e-02,1.508511894999110980e+00,-9.617763354585850966e-01
3.795150633378696625e-01,-1.050987884552332163e+00,1.343819577268212662e+00,-1.401689898576292115e-01,-1.391582027730710880e-01,1.472445474985508707e+00,-9.617763423645807608e-01
3.575699258345397813e-01,-9.353242719058961763e-01,1.269690541345191770e+00,-4.884546321281900139e-01,-2.660640187377787402e-01,1.532785747201906856e+00,-8.942531451921490460e-01
3.444797213312943418e-01,-9.266407110289762716e-01,1.322863421421726082e+00,-5.671896514230297948e-01,-3.810749630359245299e-01,1.570949202590415039e+00,-8.942392427053729165e-01
3.370186775770833698e-01,-9.099019162458676924e-01,1.390352801575670316e+00,-6.044271656526355452e-01,-4.340737402095578568e-01,1.570836367466584393e+00,-8.045397673285413775e-01
3.227217555112927294e-01,-8.635015876266802781e-01,1.445997521302974764e+00,-6.313388129739836430e-01,-4.025187140164703803e-01,1.465080291842723925e+00,-8.045620499541603632e-01
3.098894412054441494e-01,-8.234350450918297426e-01,1.465565175182418578e+00,-6.372821097376617505e-01,-3.614099549188857785e-01,1.470868099317690580e+00,-8.422406271856195392e-01
3.058707387982902981e-01,-8.096802165488896641e-01,1.450772643864696620e+00,-6.381582002068436621e-01,-2.921871698333485257e-01,1.465926637964408252e+00,-8.906308509966029963e-01
2.895749851730367030e-01,-8.652174706389301750e-01,1.551329020536476921e+00,-6.380821233284804661e-01,-2.157713075205088260e-01,1.450444367738534579e+00,-9.386915089424351377e-01
2.617796409026414972e-01,-9.323064961600849854e-01,1.589890940377914452e+00,-6.379870043282133141e-01,-1.308095402449661881e-01,1.417402649890500577e+00,-9.792159362538916945e-01
2.189408224148774729e-01,-9.961615729188529889e-01,1.557988257802279897e+00,-6.379099566077037764e-01,-3.564237439672991725e-02,1.366842185787668917e+00,-1.011387577136144689e+00
1.515092951304375379e-01,-1.078487492697911998e+00,1.540534367295604889e+00,-6.378765264708533556e-01,6.152948427822833855e-02,1.318413552576584769e+00,-1.031149643587423448e+00
1.158401475727185159e-01,-1.072228592466514030e+00,1.410352277429735901e+00,-6.378563201531809446e-01,1.759424072102177550e-01,1.267219708953350787e+00,-1.048517372822809879e+00
6.771951101185731681e-02,-1.067182874009055649e+00,1.369053504187537351e+00,-6.378588605201293005e-01,3.290664229098662075e-01,1.178335265988543767e+00,-1.048517372822809879e+00
1.679937996793321245e-02,-1.063149787068339069e+00,1.322422425579547589e+00,-6.378562374858355311e-01,4.486868064582819060e-01,1.115053491077949044e+00,-1.051949469601540343e+00
3.469492393361266191e-02,-1.059919829654528245e+00,1.226007020778372869e+00,-6.378563896791605847e-01,5.248001263622824597e-01,1.084058156387380567e+00,-1.051949469601540343e+00
3.797578897397742986e-02,-1.057335876954815568e+00,1.144019741012807900e+00,-6.378576306013005182e-01,5.338575067462143497e-01,1.090114304806886869e+00,-1.051949426910139485e+00
2.832339013130109884e-02,-1.055268701563852440e+00,1.213497301067096634e+00,-5.027116698690209384e-01,5.373386043118369981e-01,1.071838643349573461e+00,-1.051949405836310580e+00
6.405608022715808536e-03,-1.053614961251081894e+00,1.209405251027775963e+00,-4.280757895202864649e-01,4.408707607180705201e-01,1.206370537799682063e+00,-1.051949380836957770e+00
4.461857445052797022e-02,-1.052292930256743642e+00,1.232955216773516272e+00,-3.174078920736908560e-01,3.482457244001638808e-01,1.265076003627617851e+00,-1.051949407294832994e+00
8.514186311249433148e-02,-1.040192313150691161e+00,1.181544159314863895e+00,-1.961684517799748284e-01,2.317412401505620778e-01,1.285970345008778271e+00,-1.051949407294832994e+00
1.199537092744142608e-01,-1.047983984661245538e+00,1.282765948485857566e+00,-3.339443628947632581e-01,1.176842354784910089e-01,1.256804895619442641e+00,-1.051949489428939177e+00
1.375111874961326142e-01,-1.047789809732961430e+00,1.329223987431519483e+00,-4.179670904023733979e-01,-2.723441682872425329e-02,1.353563604887745297e+00,-1.034043277655144921e+00
1.535766749530015629e-01,-1.047634454776282809e+00,1.368366555810824003e+00,-4.989755617571980939e-01,-1.983745186411254857e-01,1.447611393559852688e+00,-1.034042985996284081e+00
1.837532032369326163e-01,-1.047532552903404302e+00,1.392929199933951256e+00,-5.594919655157269966e-01,-3.871752725962720465e-01,1.458086340478025100e+00,-1.034077065797934125e+00
1.872062041704073698e-01,-1.040116938796178836e+00,1.426207530559718606e+00,-5.939708921160595789e-01,-5.460159811718995337e-01,1.478266264497246185e+00,-8.961552903127655290e-01
1.751844669558729473e-01,-9.657307179578819012e-01,1.467979655727458477e+00,-6.229247590753217434e-01,-5.415205622285210740e-01,1.471926489844061825e+00,-8.959478305498730366e-01
1.619311787744755760e-01,-9.324364744004230987e-01,1.523031694767397193e+00,-6.229247585330881520e-01,-5.040889308195014573e-01,1.467404920067241880e+00,-8.959471718165263887e-01
1.466829756235210613e-01,-9.188926003961587208e-01,1.521733364392214849e+00,-6.232785922069904450e-01,-4.244867524744070364e-01,1.456412698701773145e+00,-8.959469474552157475e-01
1.079721374743653900e-01,-9.454911915275653334e-01,1.556267456283676021e+00,-6.232785948355888950e-01,-3.251412226906579828e-01,1.435973578989504285e+00,-8.959452447505387163e-01
1.049754959804138077e-01,-9.660865244774322624e-01,1.453640620363064961e+00,-6.232785927490670508e-01,-2.378329290410602925e-01,1.407957875152902938e+00,-8.959438071914256341e-01
1.004467536124002969e-01,-1.007313457770961485e+00,1.484992302220262017e+00,-6.232786122818302355e-01,-9.250458492994903525e-02,1.259793289874252098e+00,-8.959438071914256341e-01
9.258661043075247510e-02,-1.054969277932970240e+00,1.430889059339313985e+00,-6.232102180668356306e-01,2.095460609120600171e-02,1.235607126553911472e+00,-9.518881219933309490e-01
7.362258588634111589e-02,-1.053443355513657087e+00,1.420356966640398344e+00,-6.231617793986656828e-01,1.551641485259072362e-01,1.220149335815357228e+00,-9.818738918891907197e-01
4.129560547389085623e-02,-1.052173542100641956e+00,1.403158175401788332e+00,-6.231447374656029492e-01,2.936939739251563930e-01,1.203598234031082903e+00,-9.923482081845627079e-01
3.582701335348298377e-04,-1.051137655185921060e+00,1.324088591721621855e+00,-6.231428980979942800e-01,4.179415601772590305e-01,1.173601184844339063e+00,-9.935864432287663250e-01
4.674506194508500079e-02,-1.050309165801287081e+00,1.207595091654122044e+00,-6.231425628009168438e-01,5.198724690943613558e-01,1.133258559589792602e+00,-9.944019780891084626e-01
6.457944881207408616e-02,-1.049647337488315957e+00,1.105653782283751774e+00,-4.536328212785136760e-01,5.835641945577374479e-01,1.085323091906493120e+00,-9.944019618208297384e-01
5.939062804345250635e-02,-1.049117869950950022e+00,1.143714685874467785e+00,4.020502731957331655e-02,6.185579435459751529e-01,1.072865392915171689e+00,-9.944019618208297384e-01
2.647300776650147319e-02,-1.048694295960759915e+00,1.197431610732221152e+00,6.081639866728253407e-01,5.740241074571950097e-01,1.190192142927066765e+00,-9.944018917139396674e-01
6.279086020038616295e-03,-1.048355960917497942e+00,1.297187781238339888e+00,4.251044383120784476e-01,5.318955318010433198e-01,1.230412214977061769e+00,-9.944019187395440884e-01
5.957788144291968624e-02,-1.019386906523065628e+00,1.288037155385093335e+00,1.665946390056364801e-01,4.351331211939932220e-01,1.273047676047130761e+00,-9.944019160851990113e-01
1.221010634271707668e-01,-9.772687715433509004e-01,1.209850325546352856e+00,-9.852524465180134694e-02,2.924960013886103161e-01,1.396746941571793688e+00,-9.963815527556959539e-01
1.582343560100741842e-01,-1.023406020988202991e+00,1.290066160763230219e+00,-1.872267674728242404e-01,1.450379028932792247e-01,1.497917061659424398e+00,-9.981050972981251324e-01
1.946560576349266047e-01,-1.055074964906311585e+00,1.355721154746772905e+00,-2.743923086927581023e-01,4.927409417593286989e-05,1.472583050296228491e+00,-9.981049929509281382e-01
2.265521078541068434e-01,-1.053474467643558565e+00,1.408068976080156576e+00,-3.665889782183755496e-01,-1.381327735285232117e-01,1.505400061613356932e+00,-1.002797044655082459e+00
2.266857026335176439e-01,-1.050774572475651869e+00,1.450620097716495360e+00,-4.501990356553906558e-01,-2.811386870874235666e-01,1.564612848765321473e+00,-1.002800928522111779e+00
2.343587548841384038e-01,-1.050041563657006405e+00,1.489734549823562348e+00,-5.046715462773206928e-01,-4.316072242924610114e-01,1.606297266662260137e+00,-1.002714859859505703e+00
2.311082449486137058e-01,-1.034457920378570650e+00,1.532260346406082885e+00,-5.266033235058493744e-01,-5.168170117901926819e-01,1.599161495811201927e+00,-9.375347250623941031e-01
2.235875601601989560e-01,-9.900295455517023058e-01,1.578417299777925331e+00,-5.371222850648856850e-01,-5.138477734667119545e-01,1.584978388969821905e+00,-9.374963028994854897e-01
2.197827581696963073e-01,-9.490405979255627233e-01,1.578067185830796637e+00,-5.524891980780619605e-01,-4.577740369065273485e-01,1.565488708244431759e+00,-9.374403322901241342e-01
2.200827190106619535e-01,-9.456496317903694271e-01,1.576612948664637415e+00,-5.524892724668781785e-01,-3.388476955003146274e-01,1.436831451999498910e+00,-9.374403282718353214e-01
1.856831054863244956e-01,-9.507792970004901312e-01,1.556210863624362783e+00,-5.524892747536643833e-01,-2.367906899490881956e-01,1.419751734294357748e+00,-9.374386585499381308e-01
1.473184787965318154e-01,-1.006068430586724460e+00,1.559919541529527054e+00,-5.524480358126644397e-01,-1.526737634037890201e-01,1.392420184626085744e+00,-9.824820653294469297e-01
1.246435546351875728e-01,-1.087705181775210805e+00,1.529180827723499725e+00,-5.523757793737353872e-01,-9.448298502192828408e-02,1.370418079526467769e+00,-1.016185798973052945e+00
9.736840313704771266e-02,-1.087737896116715675e+00,1.450625605297804155e+00,-5.523154179963679633e-01,2.844678067465244986e-03,1.335137643181218525e+00,-1.037643025669928720e+00
5.847481205877037846e-02,-1.087737901089948389e+00,1.485822090076637680e+00,-5.523153750220103353e-01,1.349392322959429569e-01,1.285093465360776621e+00,-1.037644414602254317e+00
1.368554666316344239e-02,-1.087742816565196780e+00,1.363196989582988072e+00,-5.523116118327460189e-01,2.369398174470333518e-01,1.247748284231835925e+00,-1.041964619808034787e+00
4.233141995488842735e-02,-1.087742816566139359e+00,1.259473916211490074e+00,-5.523117853370790309e-01,3.316299269202098721e-01,1.176591174896500780e+00,-1.041964619808034787e+00
5.660274151743256710e-02,-1.087741620422487010e+00,1.222814515933184021e+00,-3.883710347016283149e-01,3.670777996916435582e-01,1.157244893763820004e+00,-1.042792015560209951e+00
5.605845978195037743e-02,-1.087741679213685142e+00,1.329847141335571692e+00,-2.752635283596736038e-01,3.891271232073646447e-01,1.166150467827138826e+00,-1.042915013444758898e+00
4.532670509450256041e-02,-1.087742988877501871e+00,1.367005406606357054e+00,-7.110737019054761410e-01,3.551104147631397590e-01,1.206653300399529893e+00,-1.043620955987500487e+00
2.659964286736322264e-02,-1.087744186743780261e+00,1.313384138608611362e+00,-5.628625779178759725e-01,2.900549199377846499e-01,1.256717211408199475e+00,-1.045030914968934743e+00
1.017507859619652677e-02,-1.087740427352607231e+00,1.359925343926014385e+00,-5.628119646207593307e-01,2.718531087114036682e-01,1.263716097501639046e+00,-1.051498533717891259e+00
1.972843613849400296e-02,-1.087725103132930915e+00,1.359544540288383008e+00,-3.688108518064213692e-01,2.152457265391854446e-01,1.300907177754535571e+00,-1.052775282017543557e+00
4.429250568689480083e-02,-1.087721925228152919e+00,1.406575659791096999e+00,-4.368082525349041290e-01,1.844910244343050676e-01,1.319711135303321736e+00,-1.055601341558932926e+00
8.316389280392517958e-02,-1.086900306689002615e+00,1.429842725848570861e+00,-5.026899790780210431e-01,1.014763076401871689e-01,1.371174189029909396e+00,-1.055539432121087140e+00
1.205893078562622067e-01,-1.078181144071923780e+00,1.452194561055345057e+00,-5.628813960868354060e-01,-8.076424341617038927e-04,1.423204514136683807e+00,-1.055471568534029903e+00
1.565691049603868956e-01,-1.071215654093343517e+00,1.465652356225467301e+00,-6.187933706287623847e-01,-1.347117109387868938e-01,1.473436718272648882e+00,-1.055409318881764591e+00
1.863709288848394152e-01,-1.066442121971993728e+00,1.471324760704884937e+00,-6.584748864655162182e-01,-2.827058934015138636e-01,1.460060346568404999e+00,-1.055428345206231855e+00
1.840174162929695822e-01,-9.861629131462712472e-01,1.355494311155152731e+00,-6.584771092725762998e-01,-4.144984571928690409e-01,1.497284052256049103e+00,-1.016205885733388659e+00
1.802649126836735893e-01,-9.602777218550392346e-01,1.378273241340348232e+00,-7.076641646193242430e-01,-5.173310348423373339e-01,1.521317488660227424e+00,-1.016083039884976502e+00
1.651320133717888161e-01,-9.134550834273129638e-01,1.420891916770456120e+00,-7.342676599165050000e-01,-5.648203656107968484e-01,1.527984921971588639e+00,-1.016072221302695366e+00
1.475908585628947778e-01,-8.348508700749764921e-01,1.459519030539666584e+00,-7.547751334565671044e-01,-5.384635783194178238e-01,1.524128371495130585e+00,-1.015984682720176391e+00
1.383030031557894168e-01,-7.877267656244004712e-01,1.476996200370497059e+00,-7.556499227171962207e-01,-4.613902624052120816e-01,1.516212026536685409e+00,-1.015983328142233688e+00
1.188716437280564198e-01,-7.783993910052993126e-01,1.492401747824698699e+00,-7.556499228422561831e-01,-3.669351205036561758e-01,1.498531338802834068e+00,-1.015984476214835786e+00
1.018777241129456002e-01,-8.236787176798128218e-01,1.534013403206852644e+00,-7.556499228422561831e-01,-2.203609352292062729e-01,1.267059955478539779e+00,-1.015984474636253188e+00
1.022872120114984018e-01,-8.506872463360581893e-01,1.418484143425028154e+00,-7.556649342925341184e-01,-1.406651725122700647e-01,1.256712558425691517e+00,-9.848284439032701787e-01
9.883341569141640415e-02,-9.287610246966582217e-01,1.492139538012432265e+00,-7.556326992864621506e-01,-6.389078786316021441e-02,1.241301041444866637e+00,-1.019323592340418028e+00
8.744722109792475717e-02,-1.043322939810433336e+00,1.492988860148609431e+00,-7.555834478568543844e-01,-1.576178903992928038e-02,1.223420646252026955e+00,-1.045766174834322770e+00
6.915132370299903464e-02,-1.133665761404936134e+00,1.390322900445953636e+00,-7.555533886614146377e-01,3.549493954975231624e-02,1.194982293719262456e+00,-1.062609961386025592e+00
5.056105284796352101e-02,-1.133682667091501006e+00,1.318964756882516465e+00,-7.062235686299069837e-01,1.351719798797064165e-01,1.160099265521519651e+00,-1.076139966743052012e+00
2.331422543712041717e-02,-1.133682667202813965e+00,1.393249047800199980e+00,-7.062274593891223473e-01,2.452125216789573514e-01,1.159737981389547645e+00,-1.076139966743052012e+00
4.963477111970388683e-03,-1.133682667224743756e+00,1.279637474055159041e+00,-7.062314928815963677e-01,2.957478404866578092e-01,1.149737982098485212e+00,-1.076139966743052012e+00
8.815293680591779202e-03,-1.133682667223147034e+00,1.243993787514352967e+00,-7.062317615256313852e-01,3.325026981458222841e-01,1.119910885669742173e+00,-1.076139966743052012e+00
5.897376214344385303e-03,-1.133682735397051999e+00,1.230985886637926185e+00,-5.664612723746916823e-01,3.210715043967473092e-01,1.136134162504885969e+00,-1.053689218581217668e+00
1.901783583151465604e-02,-1.133676468951916760e+00,1.271323779340483684e+00,-5.664367866886494962e-01,3.152038037447563723e-01,1.154860305513779606e+00,-1.066714037706833151e+00
4.210520630422036337e-02,-1.121776593378219333e+00,1.215921368544492953e+00,-4.597626184689813655e-01,2.794088188544975870e-01,1.188198635334154263e+00,-1.076749179358423625e+00
5.193357147833863735e-02,-1.121769964041793521e+00,1.314374338896387551e+00,-4.550396926756824501e-01,2.852874582980804430e-01,1.199882902637377402e+00,-1.095548291209362812e+00
8.325501138011552615e-02,-1.121770018767691113e+00,1.280769128884166275e+00,-4.512981525349338274e-01,1.857757278212143759e-01,1.317297891280771127e+00,-1.057430937560462025e+00
1.044688032155403068e-01,-1.121771848004287531e+00,1.289308656045335733e+00,-2.386001027531466367e-01,9.671161493229435413e-02,1.333442862992724631e+00,-1.057430995743335211e+00
1.143330275175415689e-01,-1.121774359860568726e+00,1.359568956832056807e+00,-3.247615610010730625e-01,3.495373402708516763e-02,1.386814729704713978e+00,-1.060783568557249090e+00
1.240732650442350898e-01,-1.121619221990802107e+00,1.415419734468064794e+00,-4.029683780357445344e-01,-5.812597534256129517e-02,1.450471084208680317e+00,-1.060782836064153800e+00
1.276296199506780082e-01,-1.120804105043798904e+00,1.457602632858537861e+00,-4.736017773305752354e-01,-1.769309658763185134e-01,1.515511811444722579e+00,-1.060782313887219219e+00
1.460970946842868878e-01,-1.119373930330897826e+00,1.474207217700818973e+00,-5.423290718487443485e-01,-3.324064448746557598e-01,1.540193736056865159e+00,-1.060699567477423777e+00
1.537551427055997011e-01,-1.117524898681875767e+00,1.492297890468832211e+00,-6.039658456689873667e-01,-4.859431807891340105e-01,1.582652357663265175e+00,-1.060533238255816801e+00
1.519186199763633005e-01,-1.100476319662110791e+00,1.505773737396747469e+00,-6.446884848488242392e-01,-5.898989305560162766e-01,1.580203151640792614e+00,-9.977159272789613009e-01
1.446536310586620799e-01,-1.044249789547436968e+00,1.539786414794089175e+00,-6.688270086207580567e-01,-5.898879059424609883e-01,1.569239038483708049e+00,-9.974938262430205205e-01
1.400148309326410545e-01,-9.762647583707225740e-01,1.584718831622804025e+00,-6.738004942001338815e-01,-5.358190465550002335e-01,1.558336158892124512e+00,-9.974725853565957756e-01
1.370157773023678027e-01,-9.279981528443888017e-01,1.582757573805281037e+00,-6.852429971915202644e-01,-4.663753088804232227e-01,1.542883354491816350e+00,-9.974299153486313463e-01
1.205049764633918385e-01,-9.194348764437932919e-01,1.576266144059846219e+00,-6.852427705073771413e-01,-3.809791413782728231e-01,1.522408438262625507e+00,-9.974430813406205409e-01
1.034335710881668924e-01,-9.500419519007867741e-01,1.570121830096365079e+00,-6.852427705073771413e-01,-2.361968752313433062e-01,1.332203802719353680e+00,-9.974430801391154233e-01
9.763663945753847662e-02,-9.441045708124190527e-01,1.465441764537773972e+00,-6.852427799368394634e-01,-1.457130228994148458e-01,1.317662486819380252e+00,-9.974435188765082838e-01
9.128575178161661696e-02,-1.011970786294120961e+00,1.465780499301445161e+00,-6.851667809873043247e-01,-8.214309192483548738e-02,1.298114781077844615e+00,-1.031641536173841578e+00
7.424604884277963279e-02,-1.099143914686282031e+00,1.495983905412660908e+00,-6.851094291670252190e-01,-1.958306933021465579e-02,1.276038515547225582e+00,-1.063981530175249546e+00
6.244249375804530183e-02,-1.099174818738352100e+00,1.375814583508356170e+00,-6.850378166119017731e-01,6.948323261238262272e-02,1.238073889450576948e+00,-1.089733955801191367e+00
4.114513130891359061e-02,-1.099174852805777647e+00,1.368193769300848794e+00,-6.850371841469706791e-01,1.595451094587497232e-01,1.224411354781434147e+00,-1.089733957289841904e+00
1.231130274344584968e-02,-1.099181683064946569e+00,1.396081164054305823e+00,-6.850104091028721420e-01,2.613007205351356999e-01,1.172455480729580390e+00,-1.100404824281386196e+00
1.080561971409464347e-02,-1.099181474946747006e+00,1.368831602169954254e+00,-5.947283944286475554e-01,3.171547023747882110e-01,1.185315422440047284e+00,-1.100404813974120044e+00
9.345481604330629910e-04,-1.099181492646529534e+00,1.376831527450123716e+00,-5.947276754573777025e-01,3.413054057669754893e-01,1.151709783336307691e+00,-1.100404819389536160e+00
3.198637143850176223e-02,-1.099181851026898027e+00,1.335681347456193935e+00,-3.801213613798563040e-01,2.584785457544702680e-01,1.267813564522994652e+00,-1.075610629642268057e+00
7.085620648360073381e-02,-1.099181991200089525e+00,1.329071709772758902e+00,-2.990832888353365249e-01,1.523223483568185987e-01,1.358981440818808561e+00,-1.075610633653691028e+00
8.943128290187442320e-02,-1.099184529449567460e+00,1.373057138722647563e+00,-3.658622285961395937e-01,6.833543260485537563e-02,1.373982426316077143e+00,-1.075610930320951342e+00
1.052104827272096060e-01,-1.099187051306898200e+00,1.409000581042868738e+00,-4.274613868722141885e-01,-5.258334299897923780e-02,1.416206055412533305e+00,-1.075611269042038076e+00
1.159651205279585290e-01,-1.099189482157743702e+00,1.439188446038188296e+00,-4.857177957665329560e-01,-2.007089455421687818e-01,1.439618137520819463e+00,-1.075611363137402465e+00
1.366522771860907981e-01,-1.096015300757878785e+00,1.457231938551256656e+00,-5.456893851819171193e-01,-3.767100217271195373e-01,1.507351347258222507e+00,-1.022561763512214839e+00
1.480590508657786408e-01,-1.091679551129488779e+00,1.479205620489126183e+00,-5.933200580858887241e-01,-5.449123625925939018e-01,1.549169606151697076e+00,-1.022527203831355758e+00
1.514829409577472807e-01,-1.032399232595935024e+00,1.531429357045342776e+00,-6.144396292383551561e-01,-5.406454277817913656e-01,1.544763372988570582e+00,-1.022327876677192160e+00
1.565468461942232659e-01,-9.636986347779626927e-01,1.581397692967724478e+00,-6.182080166977454994e-01,-4.806220110086448227e-01,1.537476068130697815e+00,-1.022318845853346758e+00
1.655122423555676625e-01,-9.313132077627087613e-01,1.579474248541367754e+00,-6.209457279957164566e-01,-4.024949643524775578e-01,1.449955299158628641e+00,-1.022318093192337241e+00
1.492931992685647413e-01,-8.949856432340598245e-01,1.563134271245980145e+00,-6.243249128708279194e-01,-3.060812451567638259e-01,1.440138028999345066e+00,-1.022311509773058624e+00
1.104067423040137330e-01,-9.028825140690411866e-01,1.586180352225581514e+00,-6.243249213398219810e-01,-2.050709319263831487e-01,1.423421003116522643e+00,-1.022309846684418044e+00
8.643310718058466735e-02,-9.099789579256021277e-01,1.489445499561336872e+00,-6.243249213793383712e-01,-1.128851784193877078e-01,1.398101414450607427e+00,-1.022309182397636684e+00
4.486296214830977347e-02,-9.836009059784572850e-01,1.500099372893557881e+00,-6.243249207464537376e-01,-3.859786954299006256e-02,1.372919263134824597e+00,-1.022308429394512830e+00
1.130905558028805213e-02,-1.076940976389651361e+00,1.439243888729980991e+00,-6.243248170272502895e-01,1.824849576155034708e-02,1.340908806190204361e+00,-1.009856514641684244e+00
8.995874721869663929e-03,-1.070951215575096649e+00,1.327917702912613462e+00,-6.243365585611790891e-01,1.331962150059622929e-01,1.278135180966323059e+00,-9.517007584014678390e-01
7.377942594985359773e-03,-1.066198182898240310e+00,1.336841215139366046e+00,-6.241592018344189752e-01,2.793595579359600678e-01,1.206666392972564061e+00,-9.997807221631936914e-01
5.902453264075878565e-03,-1.062358833754407206e+00,1.350529568153941984e+00,-6.241587742235433778e-01,4.538999899395184112e-01,1.154573574127195412e+00,-1.000075162881292057e+00
4.722843626382482347e-03,-1.059287148397450640e+00,1.295954397239167832e+00,-6.241578315907647667e-01,6.227507320268248492e-01,1.088114156460616933e+00,-1.000074905156541849e+00
1.005674455771313550e-02,-1.056829726576446360e+00,1.218310534096308073e+00,-6.241590805382543072e-01,7.191705832570842727e-01,1.072364328018658108e+00,-1.000074875607705804e+00
4.387903187432725532e-02,-1.054863781548780688e+00,1.128977090561124497e+00,-2.828094481360486356e-01,7.678639522631441894e-01,1.052150607998640242e+00,-1.000074875607705804e+00
1.039427166378494027e-01,-1.053291025750424659e+00,1.105601314781167410e+00,4.138639316601188667e-01,7.787630674319654389e-01,1.049599759951652445e+00,-1.000074875607705804e+00
1.926663545251418586e-01,-1.052032820600339758e+00,1.105209276851759848e+00,1.034548681518163260e+00,7.352800212710308703e-01,1.082281834251020980e+00,-9.950240580467755169e-01
2.835455273579581270e-01,-1.051024310310484156e+00,1.230125345381535285e+00,7.587938715050850380e-01,6.625966142478639798e-01,1.099456634451573933e+00,-9.950242622067833054e-01
3.796555473145580839e-01,-1.048904243671741066e+00,1.316854273477649606e+00,3.960908258096444423e-01,5.241809857863956035e-01,1.248992066080014451e+00,-9.983956380277592135e-01
4.426663134142788669e-01,-1.048525295586680617e+00,1.354350748758192946e+00,1.827716727657025253e-01,3.429061350410864684e-01,1.402255581451851585e+00,-9.995484073182124840e-01
4.370173129447632032e-01,-1.048223644356908624e+00,1.373557717944061674e+00,-1.802237748699214714e-02,1.622067449055918098e-01,1.506500570924939497e+00,-1.001357214302986520e+00
4.264798842862533301e-01,-1.035495198051938459e+00,1.393881331190650608e+00,-2.435707650674373559e-01,-4.188479713765516643e-02,1.531378238994284491e+00,-1.001357253854199714e+00
4.030315431916410285e-01,-9.732327983544992733e-01,1.307667968474137021e+00,-5.470786923784642930e-01,-2.582067722269574261e-01,1.541558438312312207e+00,-1.006290110028009277e+00
3.658003699226763383e-01,-9.078585354827944931e-01,1.270855531423492391e+00,-1.615449755155746181e-01,-4.201549243190650929e-01,1.601691812269041337e+00,-9.620884847671047346e-01
3.417810666264477493e-01,-8.451862174699902308e-01,1.343525602748528502e+00,-3.580600667808149229e-01,-4.681993394934637065e-01,1.595514005945398495e+00,-8.219313240580670143e-01
3.254703424449456040e-01,-6.664882902766262607e-01,1.192876250345997313e+00,-7.209923364060972784e-01,-4.354517689036683237e-01,1.590251163136646717e+00,-8.536509169716057777e-01
3.273350077298191607e-01,-6.378994385367735553e-01,1.256280573631676001e+00,-7.574850075558245965e-01,-3.689117059772304419e-01,1.570329439990492126e+00,-9.234481494338702134e-01
3.151181858310863615e-01,-6.405533213045218055e-01,1.336804011068113862e+00,-7.267373185290734172e-01,-3.034842778952155373e-01,1.553691025051400443e+00,-9.769639874381120803e-01
3.107216882265589342e-01,-6.809748290620339928e-01,1.431693113763258696e+00,-7.267217356871541467e-01,-2.375943083416942048e-01,1.523242834869448670e+00,-1.021135867097185068e+00
2.981406635542915851e-01,-7.166246006191061557e-01,1.497627893756210415e+00,-7.266958957137321651e-01,-1.518578882559270538e-01,1.484459195951734145e+00,-1.060912899580469748e+00
2.751906593439797932e-01,-7.541488333816319667e-01,1.505697052425356564e+00,-7.268029798785261564e-01,-5.897784700010094694e-03,1.377709958032433013e+00,-8.538502541137401591e-01
2.332264122970513220e-01,-8.541303794951895512e-01,1.531633867646053915e+00,-7.267368085527663446e-01,9.326802863727241821e-02,1.313091019122722081e+00,-8.908084011850457840e-01
1.664737296808737887e-01,-9.978424298226389322e-01,1.494516037625769567e+00,-7.267219943469847010e-01,1.581360202105253632e-01,1.251366654371039333e+00,-8.992577964914231226e-01
1.184220927250228816e-01,-1.178407277881896364e+00,1.473850943058953700e+00,-6.970430503031678215e-01,1.773442260331168085e-01,1.224607416772480306e+00,-9.031555627496651306e-01
7.536315587669709104e-02,-1.178419995041166013e+00,1.324570248757346302e+00,-6.970357440769266999e-01,3.066730899914862363e-01,1.139093766684851516e+00,-9.117656575325294721e-01
3.949120851873008653e-02,-1.178419787614700009e+00,1.282250721623399814e+00,-5.073856564018902615e-01,3.836554618633742364e-01,1.189802873644035808e+00,-9.117656840051947542e-01
1.398492364699897503e-02,-1.178419787613795622e+00,1.345996312178255216e+00,-5.073858652666224378e-01,4.350314548025644990e-01,1.227657016746207086e+00,-9.117656840051947542e-01
4.676184062200607755e-02,-1.178419533697798949e+00,1.289073144459498943e+00,-2.160720374947186495e-01,3.884769606466680902e-01,1.319806753450281978e+00,-9.117656722269904535e-01
8.936547363870199490e-02,-1.178422028127558141e+00,1.337705310541833725e+00,-2.957323359835955512e-01,3.187426232342790988e-01,1.419684968943912162e+00,-9.117658095191263357e-01
1.227009659040778355e-01,-1.178424260514898014e+00,1.363943958824620051e+00,-3.613001080784733476e-01,2.013264570991348257e-01,1.530728464780445552e+00,-9.117659372212105762e-01
1.540702860471747648e-01,-1.178426652241816530e+00,1.378085087334708803e+00,-4.192732119802915491e-01,5.660512288623451016e-02,1.584963239256720779e+00,-9.117662448335346337e-01
1.806800228093622951e-01,-1.178428965502203551e+00,1.385008811724084188e+00,-4.722660227514475229e-01,-1.095639635477150542e-01,1.564780234615203547e+00,-9.117663452146708147e-01
1.895423042001984082e-01,-1.178259550550479373e+00,1.395207769033918632e+00,-5.129485018860429069e-01,-3.002907618747734375e-01,1.573484650350164715e+00,-9.118657760628248177e-01
1.869320916246017539e-01,-1.178284806273083740e+00,1.397614691193316494e+00,-5.475489995340708793e-01,-5.135735724959413773e-01,1.572907228490824760e+00,-9.118853294284424704e-01
1.528813953672520376e-01,-1.178323684463354004e+00,1.404864068564539270e+00,-5.739463960160330336e-01,-7.452242771203494431e-01,1.572454499889922142e+00,-9.119025617792628768e-01
1.099618216595472930e-01,-1.101622512920976682e+00,1.428566747381167179e+00,-6.042118811289589608e-01,-7.451953496444301273e-01,1.381575000416931820e+00,-9.121431127599741728e-01
6.399604069626162184e-02,-1.037384277889505491e+00,1.489323441249445601e+00,-6.157772448128145948e-01,-7.334090306943660265e-01,1.370878570828897303e+00,-9.121451627741964385e-01
3.391419032672994549e-02,-9.887396471741118908e-01,1.517665179439840140e+00,-6.189107377498813678e-01,-7.008307773087266712e-01,1.382748671024372378e+00,-9.121496853219657197e-01
1.585754081508039537e-02,-9.621639599851862235e-01,1.489327890246749275e+00,-6.189107367411557092e-01,-6.445993605165364349e-01,1.382181736764548807e+00,-9.121490838589907391e-01
2.495885115696905646e-02,-9.635847409467519498e-01,1.453303035114097197e+00,-6.196003693049205729e-01,-5.877172795097314051e-01,1.369501734645771629e+00,-9.121498800755781788e-01
3.545688964682790212e-02,-9.692609234316713618e-01,1.401641683879944589e+00,-6.204788359867220437e-01,-5.102480256742689679e-01,1.379775163743834909e+00,-9.121513653430908253e-01
2.822328897136777009e-02,-1.056615629922968758e+00,1.477684966821532830e+00,-6.204788352727168554e-01,-4.542222614137055858e-01,1.386828964353646221e+00,-9.121529571987444518e-01
1.903348769202842239e-02,-1.054692503464454534e+00,1.420844836517789256e+00,-6.204788526177630326e-01,-3.623882022404004699e-01,1.382420971456356229e+00,-9.121517804434903232e-01
7.170597793916661487e-04,-1.053154002854465920e+00,1.427071127568024345e+00,-6.204794513680749191e-01,-2.166430390008880769e-01,1.249649125671186800e+00,-9.121517804434903232e-01
4.065906422179040719e-02,-1.051230766202439382e+00,1.334366084269208219e+00,-6.204794612633627304e-01,-9.163894074751413599e-02,1.244782330970313655e+00,-9.121537709075284717e-01
3.252944641206651638e-02,-1.050384838939295351e+00,1.331600200632747866e+00,-6.204778979378957615e-01,4.873368117891113682e-02,1.213118494382038559e+00,-9.121524171174757445e-01
2.658675108013898794e-02,-1.049819843434461442e+00,1.335983192662007824e+00,-6.202446646509920392e-01,2.033465026462774050e-01,1.180119991107124067e+00,-9.654427974327676187e-01
2.133032745422820328e-02,-1.049260670766768433e+00,1.288835199697335732e+00,-6.202236969126987409e-01,3.659219819166817933e-01,1.154605778927904502e+00,-9.715364538210636836e-01
1.708860485999362869e-02,-1.048808166886296966e+00,1.278285397487104458e+00,-6.202160431496092086e-01,5.378051849373333138e-01,1.091111682715625752e+00,-9.736241211107475868e-01
7.738719829957824495e-03,-1.048446533509037604e+00,1.168244605759348076e+00,-5.103999720369594151e-01,6.543360103053912358e-01,1.071841691091914184e+00,-9.736241092648052486e-01
1.028285890736890806e-02,-1.048157226807230114e+00,1.102607156418618839e+00,4.100880415770746801e-02,7.369069029853900776e-01,1.045088624927496213e+00,-9.736240466992651665e-01
5.140905253638844430e-02,-1.047925781445784077e+00,1.086005122685834268e+00,6.870458905156797691e-01,7.700287569110729757e-01,1.066984099846319589e+00,-9.736239557995627347e-01
1.029732200747290605e-01,-1.047741117361724372e+00,1.170543256722428760e+00,5.678448108752141010e-01,7.887911363244722862e-01,1.033649128253631533e+00,-9.736238706310808011e-01
1.902105630929711855e-01,-1.028333752795208555e+00,1.139275680709246563e+00,4.066005887377140415e-01,6.962808622830004568e-01,1.187632791686968226e+00,-9.741225452608379687e-01
2.814669498451584095e-01,-1.039317858231443070e+00,1.210044818261926336e+00,2.421940575910622173e-01,5.777559019482145786e-01,1.285357899467956644e+00,-7.365418438886502939e-01
3.760851360810653632e-01,-1.003996780924546250e+00,1.177569269330316137e+00,3.167997222685128844e-02,4.440805010749179216e-01,1.432985125827723083e+00,-7.367142282148940735e-01
4.213455074536838207e-01,-1.040742311494489813e+00,1.253873569913869446e+00,-4.197501509297099642e-02,2.993607501695956241e-01,1.567856939901680846e+00,-7.367548443562945693e-01
4.162045394989917768e-01,-1.053682966608143312e+00,1.291824011964898267e+00,-1.475988555820730297e-01,1.759903721067787585e-01,1.664274237186788685e+00,-7.368051950854408449e-01
4.109474721507531680e-01,-1.051956849267831062e+00,1.355618298518132869e+00,-2.175794719001319932e-01,1.670251886275842534e-01,1.667212188239734161e+00,-7.582330981353876398e-01
4.074176421200965681e-01,-1.039165031432803810e+00,1.404136558802665302e+00,-2.855662432760041058e-01,1.686520351554862684e-01,1.668437211466140990e+00,-7.678192448228179368e-01
4.046814329275965072e-01,-1.026852496605030973e+00,1.441833707212111682e+00,-3.474239767871067919e-01,1.663063231851341084e-01,1.669114539777310391e+00,-7.731988716414124330e-01
4.024969571440849547e-01,-1.018068193271603583e+00,1.471173439412227779e+00,-4.039090703902946111e-01,1.556005884572403408e-01,1.669692359419997718e+00,-7.777818041560516926e-01
4.009031363600751297e-01,-1.013868475315448991e+00,1.493344868823503813e+00,-4.557819361858550522e-01,1.349756094606529844e-01,1.670341511600123008e+00,-7.826719199209561939e-01
3.993266957567519482e-01,-1.036439512380226580e+00,1.532016873404478119e+00,-4.608668517108910345e-01,9.928838422217915738e-02,1.671046532510538807e+00,-7.885092429355649024e-01
3.933445362123745848e-01,-1.058126726355891778e+00,1.571965537590589435e+00,-4.573338250814903416e-01,9.532001119065286465e-02,1.663413719912971267e+00,-7.885848351022494152e-01
3.724438306461996806e-01,-1.055808784112745480e+00,1.572635515292483577e+00,-4.720464509288416211e-01,1.376604853267289208e-01,1.630294492293456798e+00,-7.955358467593307559e-01
3.438675071232737412e-01,-1.053973127272203492e+00,1.572901443531632415e+00,-4.772462784752837806e-01,1.865738426695635332e-01,1.582008812860925540e+00,-8.045966164587846636e-01
3.048235261444203203e-01,-1.052575289779928758e+00,1.572495546624899987e+00,-4.777739203272478585e-01,2.439959945356359738e-01,1.520248902416689862e+00,-8.145461639205751059e-01
2.591475710246752273e-01,-1.051456172784341447e+00,1.569636280722872090e+00,-4.783229325703747814e-01,3.034942907040689697e-01,1.448915797166428154e+00,-8.219726620700289477e-01
2.116939133857507205e-01,-1.050538587377831679e+00,1.561633505212122630e+00,-4.811729803143756645e-01,3.608081212868511356e-01,1.370114374386121048e+00,-8.267601042091805574e-01
1.647054384275510874e-01,-1.049778564382039425e+00,1.548106605398414493e+00,-4.871373673437898733e-01,4.141944035425715320e-01,1.284442330210563199e+00,-8.291460525874585485e-01
1.241196890788565377e-01,-1.049134710617130484e+00,1.534106026355220864e+00,-4.976260084592908917e-01,4.429365545016094030e-01,1.236820969409544002e+00,-8.291535833629760655e-01
9.262421784925808921e-02,-1.048699868043379002e+00,1.521419356673578749e+00,-5.182970196258851470e-01,4.188902389621758648e-01,1.279803493661358038e+00,-8.291596547205056789e-01
7.156638685697709612e-02,-1.048350190745885646e+00,1.488472211410099444e+00,-5.500847300466550349e-01,3.503279790434696839e-01,1.327610618999910397e+00,-8.291703891586124087e-01
6.643540035728703885e-02,-1.048080152600551429e+00,1.450833774866044701e+00,-5.500849706900431402e-01,2.189348869185677726e-01,1.419592801256226000e+00,-8.291703891586124087e-01
6.928150479291762809e-02,-1.047895411526304832e+00,1.423612661833604465e+00,-5.809692383126370263e-01,6.668772750466228638e-02,1.478447679000876036e+00,-8.291991602074976209e-01
7.188708047074487961e-02,-1.047716329395991020e+00,1.433017135522513863e+00,-5.809723675726397030e-01,-1.187487640026920199e-01,1.512669099273435958e+00,-8.291991602074976209e-01
7.961295716324309768e-02,-1.047573066934988306e+00,1.426267254525500183e+00,-5.809726349973092230e-01,-3.406167285078166573e-01,1.536987896802824327e+00,-8.291991596976960865e-01
7.865811143695272678e-02,-1.017751368888504482e+00,1.381453060854273662e+00,-5.809726346141708131e-01,-5.609100078218727248e-01,1.517797806032947561e+00,-8.291991602459922728e-01
7.144605218993875517e-02,-8.538048335216810170e-01,1.276481985298264510e+00,-5.809726691191211545e-01,-5.534478062574982316e-01,1.358116086677683354e+00,-8.291994101781551274e-01
5.165101434280498782e-02,-7.237661133551978043e-01,1.263301692553708833e+00,-5.810162001181314873e-01,-5.473808690612919081e-01,1.372551550470651804e+00,-8.380994432033355146e-01
2.455949828953688657e-02,-6.934479315757503537e-01,1.396804233720327915e+00,-5.375330012229200261e-01,-5.395508252856753284e-01,1.386660012583730506e+00,-8.414286668924116919e-01
3.013723571879295404e-02,-6.908507456973607130e-01,1.512271273644899994e+00,-5.374609211141911924e-01,-5.213835628011481704e-01,1.373608947949054748e+00,-8.720058604609388642e-01
4.511319627743384797e-02,-7.197258280429590371e-01,1.588446571449316114e+00,-5.373993138986010720e-01,-5.019017471633084870e-01,1.336330952340018419e+00,-8.998132955811242173e-01
6.972173414155526106e-02,-7.706725681021613372e-01,1.584918180317793412e+00,-5.373499784170127080e-01,-4.781100826804129400e-01,1.275434872989028134e+00,-9.230603632639112766e-01
1.031355811790253818e-01,-8.636854217706141368e-01,1.582088817362299116e+00,-5.373064986159489242e-01,-4.499877517444244024e-01,1.196483925399440373e+00,-9.434353619842281713e-01
1.428050043310216954e-01,-9.938565591989267922e-01,1.579815429966415774e+00,-5.372662633727824932e-01,-4.139750895932689523e-01,1.100118307226400693e+00,-9.625459140508556555e-01
1.418902438725428428e-01,-1.144176360541083293e+00,1.578011613029673299e+00,-5.372661264564565498e-01,-3.588223663360586846e-01,1.014471962763248358e+00,-9.479787744247825110e-01
1.307787335150682739e-01,-1.144182917223619533e+00,1.543407761343280171e+00,-5.372613494311448967e-01,-1.929483810875951000e-01,8.953330584966406880e-01,-9.501892753719256568e-01
1.048178098177664358e-01,-1.144182917223619533e+00,1.576968972827389459e+00,-5.372598373758006307e-01,1.886028365183203825e-02,7.356293806606224450e-01,-5.501817807099860236e-01
6.337031262174593060e-02,-1.144182907047814002e+00,1.566105403316424560e+00,-5.372601027527946771e-01,1.509726223351652297e-01,7.084639929823494109e-01,-3.657918421057284042e-01
1.639864306613408526e-02,-1.144182909927691005e+00,1.490462747105711694e+00,-5.286506691819230497e-01,2.187590066725768612e-01,7.408661439129644588e-01,1.637737661200822092e-02
8.377741546839911208e-03,-1.144182895903078423e+00,1.380326304917051994e+00,-4.329449274554971749e-01,2.588497227845189541e-01,7.391564664430307907e-01,4.336343805107410465e-01
6.703992428817277457e-03,-1.144183072801083556e+00,1.219238373444027079e+00,1.761705099421436715e-01,2.768466295444336200e-01,7.346040158312352464e-01,9.574377472991784099e-01
5.365010946075972689e-03,-1.144183245999601528e+00,1.013432996145421372e+00,1.140718233020654671e+00,2.651141801792377684e-01,8.391509889377609666e-01,9.574381748805634862e-01
4.123019445560560138e-03,-1.137639356512313071e+00,9.522648385176754049e-01,1.140718234345788229e+00,2.463980615358292159e-01,9.735666255276955727e-01,9.574381748805634862e-01
3.994152111379037882e-03,-1.127373401379256679e+00,9.931786723028044328e-01,1.140718234868713044e+00,2.495990441370814217e-01,1.084689460623352364e+00,9.574381748805633752e-01
6.490637770799176712e-03,-1.096819483827191632e+00,1.044637449873493606e+00,1.140718167140010619e+00,2.555712392199755989e-01,1.161755197773667314e+00,9.574383194707618561e-01
