0.000000000000000000e+00,-1.244858169555664062e+01,1.511529922485351562e+01,5.160865783691406250e-01,1.874436950683593750e+01,3.000000000000000000e+01,5.000000000000000000e+00
0.000000000000000000e+00,2.280502700805664062e+01,-9.218795776367187500e+00,1.531749725341796875e+00,2.004716491699218750e+01,3.000000000000000000e+01,-9.238986968994140625e-01
0.000000000000000000e+00,-3.000000000000000000e+01,2.606264495849609375e+01,-4.914203166961669922e+00,1.532722854614257812e+01,2.346210479736328125e-01,2.063472747802734375e+00
0.000000000000000000e+00,-6.752767562866210938e+00,-2.896637725830078125e+01,4.082384109497070312e-01,3.000000000000000000e+01,-4.663160324096679688e+00,4.360084533691406250e-01
0.000000000000000000e+00,-2.847110557556152344e+01,-2.716883659362792969e+01,-1.779118061065673828e+00,1.833721160888671875e+01,-3.131446838378906250e-01,4.357051849365234375e-01
0.000000000000000000e+00,-2.438340377807617188e+01,3.007232666015625000e+00,-4.080777168273925781e-01,1.384384155273437500e+01,-1.697042465209960938e+00,1.729516029357910156e+00
0.000000000000000000e+00,8.184829711914062500e+00,-9.584381103515625000e+00,-1.793832302093505859e+00,2.262334060668945312e+01,-7.212062835693359375e+00,9.121847152709960938e-01
0.000000000000000000e+00,9.764362335205078125e+00,3.710350036621093750e+00,1.006158828735351562e+00,5.354713439941406250e+00,-1.174052429199218750e+01,1.579656124114990234e+00
0.000000000000000000e+00,-9.654001235961914062e+00,3.000000000000000000e+01,-1.667414188385009766e+00,-1.418128108978271484e+01,-2.382715606689453125e+01,-6.837320327758789062e-02
0.000000000000000000e+00,8.402671813964843750e-01,8.479019165039062500e+00,-3.675056457519531250e+00,1.446905136108398438e+00,-2.244307518005371094e+01,8.865766525268554688e-01
0.000000000000000000e+00,-2.543951034545898438e+01,-1.032027435302734375e+01,-3.396892547607421875e-01,-1.595920944213867188e+01,-2.255269241333007812e+01,3.822221755981445312e-01
0.000000000000000000e+00,-2.028773498535156250e+01,-7.569427490234375000e-01,-1.646517276763916016e+00,-8.036020278930664062e+00,-1.630216979980468750e+01,-4.459061622619628906e-01
0.000000000000000000e+00,-2.081323242187500000e+01,7.601551055908203125e+00,-2.111080884933471680e+00,-8.681087493896484375e+00,-1.781531524658203125e+01,-7.940735816955566406e-01
0.000000000000000000e+00,-1.859945869445800781e+01,-2.677093505859375000e+00,-1.568500518798828125e+00,-9.580032348632812500e+00,-1.727916908264160156e+01,-9.856481552124023438e-01
0.000000000000000000e+00,-1.921515655517578125e+01,8.629062652587890625e+00,-2.599160671234130859e+00,-9.072839736938476562e+00,-1.798219108581542969e+01,-1.473807096481323242e+00
0.000000000000000000e+00,-2.001545333862304688e+01,-6.796825408935546875e+00,-2.148561000823974609e+00,-8.974645614624023438e+00,-1.643865203857421875e+01,-1.476597547531127930e+00
0.000000000000000000e+00,-1.672148895263671875e+01,1.686040496826171875e+01,-3.373661279678344727e+00,-7.463306427001953125e+00,-1.667609596252441406e+01,-2.521388769149780273e+00
0.000000000000000000e+00,-2.146084976196289062e+01,-1.627836227416992188e+01,-3.243868350982666016e+00,-6.759210586547851562e+00,-1.403051376342773438e+01,-1.767174720764160156e+00
0.000000000000000000e+00,-1.167349243164062500e+01,2.040748596191406250e+01,-3.946790218353271484e+00,-3.254470825195312500e+00,-1.331845474243164062e+01,-3.741456985473632812e+00
0.000000000000000000e+00,-1.845215225219726562e+01,-2.097676467895507812e+01,-4.212960720062255859e+00,-1.698074340820312500e+00,-1.195594406127929688e+01,-1.821895122528076172e+00
0.000000000000000000e+00,-9.235349655151367188e+00,1.982720947265625000e+01,-3.927701950073242188e+00,5.813686370849609375e+00,-1.071545600891113281e+01,-4.301914215087890625e+00
0.000000000000000000e+00,-1.480898761749267578e+01,-2.181410598754882812e+01,-4.711030006408691406e+00,5.787548065185546875e+00,-8.541177749633789062e+00,-1.115147829055786133e+00
0.000000000000000000e+00,-1.325715637207031250e+01,2.044064331054687500e+01,-3.737609386444091797e+00,6.830261230468750000e+00,-9.052989959716796875e+00,-3.543518066406250000e+00
0.000000000000000000e+00,-2.396399497985839844e+01,-9.401367187500000000e+00,-4.607013702392578125e+00,8.562664031982421875e+00,-4.469017028808593750e+00,-9.807615280151367188e-01
0.000000000000000000e+00,-1.715325164794921875e+01,-5.183479309082031250e+00,-5.000000000000000000e+00,1.145485305786132812e+01,-7.782676696777343750e+00,4.556369781494140625e-02
0.000000000000000000e+00,-2.798524856567382812e+00,8.626476287841796875e+00,-4.314515113830566406e+00,4.151412963867187500e+00,-9.842159271240234375e+00,-5.087356567382812500e-01
0.000000000000000000e+00,-7.960182189941406250e+00,-1.246640777587890625e+01,-5.000000000000000000e+00,1.806329345703125000e+01,-6.833660125732421875e+00,6.761937141418457031e-01
0.000000000000000000e+00,-5.206287384033203125e+00,7.003742218017578125e+00,-4.019297599792480469e+00,-7.024002075195312500e+00,-2.004318237304687500e-01,-7.047863006591796875e-01
0.000000000000000000e+00,-8.880912780761718750e+00,3.289890289306640625e-01,-5.000000000000000000e+00,-1.925426483154296875e+01,2.591594696044921875e+00,-1.011960506439208984e+00
0.000000000000000000e+00,9.864940643310546875e+00,7.226448059082031250e+00,-3.025105237960815430e+00,-3.000000000000000000e+01,4.363754272460937500e+00,-3.674227952957153320e+00
0.000000000000000000e+00,6.261760711669921875e+00,-1.476639366149902344e+01,-2.012643337249755859e+00,-2.839563751220703125e+01,-5.656398773193359375e+00,-5.000000000000000000e+00
0.000000000000000000e+00,3.000000000000000000e+01,1.670093536376953125e+00,-3.428026676177978516e+00,-2.278578758239746094e+01,-1.722802925109863281e+01,-5.000000000000000000e+00
0.000000000000000000e+00,2.590869522094726562e+01,-1.453989791870117188e+01,-1.854523420333862305e+00,-1.964131927490234375e+01,-8.267276763916015625e+00,-4.897207260131835938e+00
0.000000000000000000e+00,3.000000000000000000e+01,-1.287128639221191406e+01,-3.355003356933593750e+00,-4.861526489257812500e+00,8.230716705322265625e+00,-4.452443599700927734e+00
0.000000000000000000e+00,1.915531539916992188e+01,-1.435979938507080078e+01,-3.428394556045532227e+00,1.099581909179687500e+01,1.074317932128906250e+01,-4.165096759796142578e+00
0.000000000000000000e+00,-1.153925323486328125e+01,4.003101348876953125e+00,-3.177331924438476562e+00,2.168468475341796875e+01,-6.549198150634765625e+00,-3.460264205932617188e+00
0.000000000000000000e+00,-2.912265014648437500e+01,-1.121063232421875000e+00,-2.958886146545410156e+00,6.879905700683593750e+00,-3.209495544433593750e+00,-4.576671123504638672e+00
0.000000000000000000e+00,-2.939283943176269531e+01,2.895442962646484375e+00,-4.934457302093505859e+00,5.371654510498046875e+00,-1.811049270629882812e+01,-3.805882692337036133e+00
0.000000000000000000e+00,-1.722662544250488281e+01,-1.529779815673828125e+01,-5.000000000000000000e+00,1.307446670532226562e+01,-1.871720123291015625e+01,-2.620746612548828125e+00
0.000000000000000000e+00,1.422225952148437500e+00,-1.903717041015625000e+01,-5.000000000000000000e+00,9.148864746093750000e+00,-7.493917465209960938e+00,-3.063383102416992188e-01
0.000000000000000000e+00,-1.185478782653808594e+01,1.870290756225585938e+00,-5.000000000000000000e+00,-3.909301757812500000e-01,-1.311264038085937500e+01,-2.677736043930053711e+00
0.000000000000000000e+00,-3.972259521484375000e+00,1.101656341552734375e+01,-4.704936027526855469e+00,-5.125995635986328125e+00,-1.275157928466796875e+01,-2.782816886901855469e+00
0.000000000000000000e+00,-1.470338344573974609e+01,7.650520324707031250e+00,-5.000000000000000000e+00,-1.011901473999023438e+01,-9.157613754272460938e+00,-1.152566671371459961e+00
0.000000000000000000e+00,-1.475338554382324219e+01,-8.292882919311523438e+00,-5.000000000000000000e+00,-1.189695549011230469e+01,-1.278909683227539062e+00,-1.215358018875122070e+00
0.000000000000000000e+00,2.148595046997070312e+01,-1.818695068359375000e+00,-5.000000000000000000e+00,-3.000000000000000000e+01,4.577316284179687500e+00,-2.763419389724731445e+00
0.000000000000000000e+00,3.000000000000000000e+01,-1.763011360168457031e+01,-4.789381980895996094e+00,-3.000000000000000000e+01,5.600765228271484375e+00,-4.016100883483886719e+00
0.000000000000000000e+00,3.000000000000000000e+01,-2.129868888854980469e+01,-4.339646339416503906e+00,-3.000000000000000000e+01,-5.646911621093750000e+00,-5.000000000000000000e+00
0.000000000000000000e+00,3.000000000000000000e+01,-1.494182682037353516e+01,-4.346566200256347656e+00,-2.861289215087890625e+01,-1.893014526367187500e+01,-5.000000000000000000e+00
0.000000000000000000e+00,2.337031936645507812e+01,-1.551410961151123047e+01,-4.728731155395507812e+00,1.179370880126953125e+00,-5.388292312622070312e+00,-5.000000000000000000e+00
0.000000000000000000e+00,-6.251056671142578125e+00,-1.241581726074218750e+01,-4.950077533721923828e+00,2.085628509521484375e+01,-4.837890625000000000e+00,-5.000000000000000000e+00
0.000000000000000000e+00,-3.000000000000000000e+01,-1.579016494750976562e+01,-5.000000000000000000e+00,2.503186798095703125e+01,5.194076538085937500e+00,-4.539192199707031250e+00
0.000000000000000000e+00,-3.000000000000000000e+01,4.367824554443359375e+00,-4.363693714141845703e+00,2.058134078979492188e+01,-5.840246200561523438e+00,-3.221034526824951172e+00
0.000000000000000000e+00,-3.000000000000000000e+01,-1.167977142333984375e+01,-5.000000000000000000e+00,6.216663360595703125e+00,-7.675348281860351562e+00,-2.760951280593872070e+00
0.000000000000000000e+00,-1.151205444335937500e+01,-6.344362258911132812e+00,-4.968789100646972656e+00,9.581371307373046875e+00,-8.468330383300781250e+00,-1.504929065704345703e+00
0.000000000000000000e+00,4.410297393798828125e+00,2.312965393066406250e+00,-3.903564214706420898e+00,3.580032348632812500e+00,-1.260095977783203125e+01,-1.997854232788085938e+00
0.000000000000000000e+00,9.385768890380859375e+00,-3.310871124267578125e-01,-3.922977209091186523e+00,-5.373226165771484375e+00,-9.009193420410156250e+00,-2.150020599365234375e+00
0.000000000000000000e+00,-9.511457443237304688e+00,-3.013832092285156250e+00,-4.451411247253417969e+00,-1.949204254150390625e+01,-7.684783935546875000e-01,-2.178363800048828125e+00
0.000000000000000000e+00,1.494990539550781250e+01,-7.890285491943359375e+00,-3.204939365386962891e+00,-3.000000000000000000e+01,1.084307098388671875e+01,-2.477580308914184570e+00
0.000000000000000000e+00,3.000000000000000000e+01,-1.315782356262207031e+01,-3.474371910095214844e+00,-3.000000000000000000e+01,5.584926605224609375e+00,-5.000000000000000000e+00
0.000000000000000000e+00,3.000000000000000000e+01,-1.754194259643554688e+01,-2.666053771972656250e+00,-3.000000000000000000e+01,-9.401538848876953125e+00,-5.000000000000000000e+00
0.000000000000000000e+00,3.000000000000000000e+01,-1.195695495605468750e+01,-3.099022865295410156e+00,-2.911105728149414062e+01,-1.873735237121582031e+01,-5.000000000000000000e+00
0.000000000000000000e+00,3.000000000000000000e+01,-1.450101947784423828e+01,-2.979181289672851562e+00,-1.413705444335937500e+01,-1.068140983581542969e+01,-5.000000000000000000e+00
0.000000000000000000e+00,2.756789398193359375e+01,-8.144779205322265625e+00,-3.828732490539550781e+00,-1.444252014160156250e+00,1.900047302246093750e+00,-3.902108192443847656e+00
0.000000000000000000e+00,1.109762191772460938e+00,-1.555429458618164062e+00,-3.294682741165161133e+00,2.285833740234375000e+01,1.699644088745117188e+00,-4.062804222106933594e+00
0.000000000000000000e+00,-3.000000000000000000e+01,-5.679704666137695312e+00,-4.218827247619628906e+00,3.000000000000000000e+01,4.754158020019531250e+00,-2.947949886322021484e+00
0.000000000000000000e+00,-3.000000000000000000e+01,6.093990325927734375e+00,-1.858088731765747070e+00,1.837808609008789062e+01,-7.243635177612304688e+00,-5.000000000000000000e+00
0.000000000000000000e+00,-3.000000000000000000e+01,3.535282135009765625e+00,-4.297676563262939453e+00,2.040149688720703125e+01,-1.025256347656250000e+01,1.245075225830078125e+00
0.000000000000000000e+00,-3.000000000000000000e+01,-2.088790893554687500e+01,-4.956557750701904297e+00,2.939807510375976562e+01,-9.476949691772460938e+00,-8.805384635925292969e-01
0.000000000000000000e+00,-3.000000000000000000e+01,-1.877563858032226562e+01,-5.000000000000000000e+00,1.928413009643554688e+01,-8.763166427612304688e+00,-1.423667430877685547e+00
0.000000000000000000e+00,5.654632568359375000e+00,-1.708087921142578125e-01,-4.664574146270751953e+00,1.139566802978515625e+01,-8.907293319702148438e+00,-1.719124794006347656e+00
0.000000000000000000e+00,-2.979084396362304688e+01,7.887401580810546875e+00,-5.000000000000000000e+00,-7.794933319091796875e-01,3.292724609375000000e+00,-3.538909912109375000e+00
0.000000000000000000e+00,-3.000000000000000000e+01,-4.039012908935546875e+00,-3.316940784454345703e+00,-2.531436157226562500e+01,-1.111907958984375000e+00,-2.629322052001953125e+00
0.000000000000000000e+00,-1.357462692260742188e+01,-1.159560585021972656e+01,-2.969590663909912109e+00,-3.000000000000000000e+01,-9.734905242919921875e+00,-3.914098262786865234e+00
0.000000000000000000e+00,1.940971755981445312e+01,-2.423248863220214844e+01,-2.954123258590698242e+00,-3.000000000000000000e+01,1.649557876586914062e+01,-2.752010822296142578e+00
0.000000000000000000e+00,1.842501831054687500e+01,-1.661665344238281250e+01,-4.471408843994140625e+00,-3.000000000000000000e+01,-4.590421676635742188e+00,-4.766357421875000000e+00
0.000000000000000000e+00,3.000000000000000000e+01,-1.283225250244140625e+01,-2.072224140167236328e+00,-3.000000000000000000e+01,-1.483813190460205078e+01,-5.000000000000000000e+00
0.000000000000000000e+00,3.000000000000000000e+01,-1.082105827331542969e+01,-2.671959161758422852e+00,-2.170830917358398438e+01,-3.253368377685546875e+00,-5.000000000000000000e+00
0.000000000000000000e+00,3.000000000000000000e+01,-1.399873542785644531e+01,-3.264274120330810547e+00,-6.363960266113281250e+00,5.925827026367187500e-01,-5.000000000000000000e+00
0.000000000000000000e+00,1.759206390380859375e+01,-8.820415496826171875e+00,-3.806293010711669922e+00,1.012107467651367188e+01,7.855396270751953125e+00,-4.688801288604736328e+00
0.000000000000000000e+00,-2.716160011291503906e+01,-4.648908615112304688e+00,-4.358504295349121094e+00,3.000000000000000000e+01,3.102619171142578125e+00,-4.512901782989501953e+00
0.000000000000000000e+00,-3.000000000000000000e+01,-7.251449584960937500e+00,-4.423314571380615234e+00,3.000000000000000000e+01,-1.185077095031738281e+01,-5.000000000000000000e+00
0.000000000000000000e+00,-3.000000000000000000e+01,1.774904251098632812e+00,-4.382256507873535156e+00,2.850207519531250000e+01,-1.696110916137695312e+01,-3.387464046478271484e+00
0.000000000000000000e+00,-3.000000000000000000e+01,9.054222106933593750e+00,-4.330088138580322266e+00,7.474956512451171875e+00,-1.661182785034179688e+01,-1.952031850814819336e+00
0.000000000000000000e+00,-2.507819366455078125e+01,-2.244681358337402344e+01,-4.207314968109130859e+00,2.681091308593750000e+00,-1.948464775085449219e+01,-5.000000000000000000e+00
0.000000000000000000e+00,-7.717350006103515625e+00,-1.142830657958984375e+01,-3.867911338806152344e+00,1.598200225830078125e+01,-1.343449020385742188e+01,-2.791826725006103516e+00
0.000000000000000000e+00,7.724712371826171875e+00,-6.229724884033203125e-01,-4.182454109191894531e+00,-2.948997497558593750e+00,-8.776744842529296875e+00,-2.218408584594726562e+00
0.000000000000000000e+00,-1.104584503173828125e+01,9.439933776855468750e+00,-3.486807107925415039e+00,-1.986645889282226562e+01,1.168449401855468750e+00,-2.428529262542724609e+00
0.000000000000000000e+00,8.617485046386718750e+00,3.363628387451171875e+00,-1.185323238372802734e+00,-3.000000000000000000e+01,-8.951892852783203125e+00,-4.384921073913574219e+00
0.000000000000000000e+00,3.000000000000000000e+01,-6.172498703002929688e+00,-1.110390663146972656e+00,-3.000000000000000000e+01,1.136704254150390625e+01,-3.068525552749633789e+00
0.000000000000000000e+00,2.187174224853515625e+01,-1.350813674926757812e+01,-3.637843370437622070e+00,-3.000000000000000000e+01,-1.335338592529296875e+00,-4.522945404052734375e+00
0.000000000000000000e+00,3.000000000000000000e+01,-1.029721832275390625e+01,-2.729241847991943359e+00,-3.000000000000000000e+01,-9.405431747436523438e+00,-5.000000000000000000e+00
0.000000000000000000e+00,3.000000000000000000e+01,-5.721931457519531250e-01,-1.405060768127441406e+00,-2.692646980285644531e+01,-1.532570934295654297e+01,-5.000000000000000000e+00
0.000000000000000000e+00,3.000000000000000000e+01,-4.012598037719726562e+00,-1.404462337493896484e+00,-1.178241157531738281e+01,-7.798904418945312500e+00,-5.000000000000000000e+00
0.000000000000000000e+00,2.632392120361328125e+01,-5.099597930908203125e+00,-3.220706939697265625e+00,1.150918960571289062e+01,1.175411224365234375e+00,-4.117194175720214844e+00
0.000000000000000000e+00,-2.704307937622070312e+01,-4.415802001953125000e+00,-3.674009084701538086e+00,3.000000000000000000e+01,-2.483072280883789062e+00,-4.375672817230224609e+00
0.000000000000000000e+00,-3.000000000000000000e+01,-3.165838241577148438e+00,-1.708410739898681641e+00,2.451491165161132812e+01,-1.739653968811035156e+01,-5.000000000000000000e+00
0.000000000000000000e+00,-3.000000000000000000e+01,-1.539615345001220703e+01,-4.190941810607910156e+00,2.787290573120117188e+01,-1.825451660156250000e+01,1.411222457885742188e+00
0.000000000000000000e+00,-3.000000000000000000e+01,1.987160491943359375e+01,-3.752142906188964844e+00,1.269452285766601562e+01,-2.904398727416992188e+01,1.880861282348632812e+00
0.000000000000000000e+00,-3.000000000000000000e+01,-1.093467712402343750e+01,-3.390246868133544922e+00,6.400524139404296875e+00,-1.455422019958496094e+01,-1.858753919601440430e+00
0.000000000000000000e+00,-1.732835960388183594e+01,-2.821427536010742188e+01,-2.884429931640625000e+00,1.449029541015625000e+01,-1.849950027465820312e+01,-2.519805431365966797e+00
0.000000000000000000e+00,5.364852905273437500e+00,6.664958953857421875e+00,-5.737342834472656250e-01,7.828212738037109375e+00,-1.682353973388671875e+01,-5.000000000000000000e+00
0.000000000000000000e+00,-2.114960098266601562e+01,1.044282150268554688e+01,-3.110666513442993164e+00,-9.327653884887695312e+00,-3.736680984497070312e+00,-1.125074386596679688e+00
0.000000000000000000e+00,-3.000000000000000000e+01,6.689891815185546875e+00,-3.035812139511108398e+00,-2.203004264831542969e+01,-6.892156600952148438e+00,-4.007842540740966797e+00
0.000000000000000000e+00,-3.000000000000000000e+01,-2.979124069213867188e+00,-1.982696056365966797e+00,-2.569832611083984375e+01,-7.134654998779296875e+00,-5.000000000000000000e+00
0.000000000000000000e+00,-1.377668571472167969e+01,-2.581077575683593750e+00,-1.255591869354248047e+00,-3.000000000000000000e+01,-3.772510528564453125e+00,-4.378862380981445312e+00
0.000000000000000000e+00,1.819373321533203125e+01,-1.111817550659179688e+01,-1.554424524307250977e+00,-3.000000000000000000e+01,4.643604278564453125e+00,-5.000000000000000000e+00
0.000000000000000000e+00,5.129898071289062500e+00,-1.283592605590820312e+01,-3.068853378295898438e+00,-3.000000000000000000e+01,-1.368442344665527344e+01,-5.000000000000000000e+00
0.000000000000000000e+00,2.974486160278320312e+01,-9.182052612304687500e+00,-1.741361618041992188e+00,-3.000000000000000000e+01,-5.207201004028320312e+00,-5.000000000000000000e+00
0.000000000000000000e+00,3.000000000000000000e+01,-9.799411773681640625e+00,-3.251171588897705078e+00,-1.714392089843750000e+01,-1.502313613891601562e+00,-5.000000000000000000e+00
0.000000000000000000e+00,3.000000000000000000e+01,-1.423845100402832031e+01,-1.613077640533447266e+00,4.464168548583984375e-01,4.441226959228515625e+00,-5.000000000000000000e+00
0.000000000000000000e+00,-1.753691482543945312e+01,-5.962850570678710938e+00,-2.320954799652099609e+00,3.000000000000000000e+01,1.452644348144531250e+01,-3.953429222106933594e+00
0.000000000000000000e+00,-3.000000000000000000e+01,2.727611541748046875e+00,-3.267693996429443359e+00,3.000000000000000000e+01,-5.836626052856445312e+00,-3.160536527633666992e+00
0.000000000000000000e+00,-3.000000000000000000e+01,3.950786590576171875e-01,-3.783735036849975586e+00,2.770014190673828125e+01,-1.975408554077148438e+01,-2.750961303710937500e+00
0.000000000000000000e+00,-3.000000000000000000e+01,-3.000000000000000000e+01,-3.883018493652343750e+00,8.327457427978515625e+00,-1.883528709411621094e+01,-5.000000000000000000e+00
0.000000000000000000e+00,-2.197649765014648438e+01,1.147882461547851562e+00,-4.018990516662597656e+00,2.385075378417968750e+01,-2.100368690490722656e+01,-2.626860141754150391e+00
0.000000000000000000e+00,-5.699516296386718750e+00,-3.371347427368164062e+00,-1.196076631546020508e+00,1.593960189819335938e+01,-1.427681541442871094e+01,-5.000000000000000000e+00
0.000000000000000000e+00,-6.214185714721679688e+00,2.183116912841796875e+00,-2.612673282623291016e+00,1.285930252075195312e+01,-1.161950492858886719e+01,1.190605163574218750e-01
0.000000000000000000e+00,-2.567647933959960938e+00,-3.521766662597656250e-01,-2.289099931716918945e+00,6.973918914794921875e+00,-8.829690933227539062e+00,-3.746166229248046875e-01
0.000000000000000000e+00,-1.489109039306640625e+00,4.058296203613281250e+00,-1.839959144592285156e+00,9.174976348876953125e-01,-4.444757461547851562e+00,-1.256874084472656250e+00
0.000000000000000000e+00,-3.000000000000000000e+01,1.367355346679687500e+00,-3.180283308029174805e+00,1.473426818847656250e-01,3.222702026367187500e+00,-3.471710205078125000e+00
0.000000000000000000e+00,-3.000000000000000000e+01,-5.567300796508789062e+00,-1.598129034042358398e+00,-1.576673793792724609e+01,-1.176050186157226562e+00,-4.604982376098632812e+00
0.000000000000000000e+00,-3.000000000000000000e+01,-9.673700332641601562e+00,-9.133195877075195312e-01,-2.703454971313476562e+01,-1.401572036743164062e+01,-4.587885379791259766e+00
0.000000000000000000e+00,-1.299703025817871094e+01,-2.228677368164062500e+01,-4.288103103637695312e+00,-2.660223960876464844e+01,1.374389648437500000e+01,-4.450325012207031250e+00
0.000000000000000000e+00,1.309840774536132812e+01,-1.052689361572265625e+01,-3.536874294281005859e+00,-3.000000000000000000e+01,-3.250522613525390625e+00,-4.244470596313476562e+00
0.000000000000000000e+00,1.563500595092773438e+01,-7.836135864257812500e+00,-1.841287612915039062e-01,-3.000000000000000000e+01,-8.363594055175781250e+00,-5.000000000000000000e+00
0.000000000000000000e+00,3.000000000000000000e+01,-5.719491958618164062e+00,-7.733840942382812500e-01,-3.000000000000000000e+01,-1.571944046020507812e+01,-5.000000000000000000e+00
0.000000000000000000e+00,3.000000000000000000e+01,4.879074096679687500e-01,-4.212226867675781250e-01,-3.000000000000000000e+01,-1.017753219604492188e+01,-5.000000000000000000e+00
0.000000000000000000e+00,3.000000000000000000e+01,-6.748394012451171875e+00,-2.285352230072021484e+00,-7.532369613647460938e+00,1.054473114013671875e+01,-5.000000000000000000e+00
0.000000000000000000e+00,3.000000000000000000e+01,-1.662442016601562500e+01,-1.817309617996215820e+00,1.376568222045898438e+01,7.667766571044921875e+00,-4.509328842163085938e+00
0.000000000000000000e+00,-1.822474861145019531e+01,-2.249286651611328125e+00,-1.499592065811157227e+00,3.000000000000000000e+01,9.913875579833984375e+00,-2.624102830886840820e+00
0.000000000000000000e+00,-3.000000000000000000e+01,-4.389945983886718750e+00,-3.376911640167236328e+00,3.000000000000000000e+01,-1.178519630432128906e+01,-2.528945446014404297e+00
0.000000000000000000e+00,-3.000000000000000000e+01,9.790470123291015625e+00,-1.948654174804687500e+00,3.000000000000000000e+01,-1.817651557922363281e+01,-5.000000000000000000e+00
0.000000000000000000e+00,-3.000000000000000000e+01,-3.493423461914062500e-01,-3.072601318359375000e+00,3.000000000000000000e+01,-1.894190216064453125e+01,-3.230793237686157227e+00
0.000000000000000000e+00,-2.850068664550781250e+01,-2.766643333435058594e+01,-3.280393838882446289e+00,1.018843078613281250e+01,-2.118496131896972656e+01,-5.000000000000000000e+00
0.000000000000000000e+00,-2.962681961059570312e+01,-4.481105804443359375e-01,-5.000000000000000000e+00,3.000000000000000000e+01,9.135398864746093750e+00,-8.049688339233398438e-01
0.000000000000000000e+00,-2.290925025939941406e+01,-2.533971786499023438e+01,-3.343273401260375977e+00,1.934848403930664062e+01,-1.187836265563964844e+01,4.134731292724609375e-01
0.000000000000000000e+00,6.785495758056640625e+00,1.007632446289062500e+01,-1.524498462677001953e+00,-9.199180603027343750e-01,-7.834522247314453125e+00,4.116907119750976562e-01
0.000000000000000000e+00,-3.000000000000000000e+01,9.453475952148437500e+00,-5.000000000000000000e+00,-9.580055236816406250e+00,1.066056442260742188e+01,-8.602504730224609375e-01
0.000000000000000000e+00,-2.801235771179199219e+01,8.647441864013671875e-01,-2.912915229797363281e+00,-3.000000000000000000e+01,-2.329361534118652344e+01,-4.480897426605224609e+00
0.000000000000000000e+00,-1.007397842407226562e+01,-7.007381439208984375e+00,-2.448077201843261719e+00,-3.000000000000000000e+01,-5.310558319091796875e+00,-3.559897422790527344e+00
0.000000000000000000e+00,-9.751726150512695312e+00,-2.176488876342773438e+00,-3.811347961425781250e+00,-3.000000000000000000e+01,-2.024202346801757812e+00,-4.193386077880859375e+00
0.000000000000000000e+00,2.026374053955078125e+01,-8.060348510742187500e+00,-3.427929639816284180e+00,-3.000000000000000000e+01,-2.507989883422851562e+00,-4.081196308135986328e+00
0.000000000000000000e+00,2.367963790893554688e+01,-1.803483200073242188e+01,-2.880177497863769531e-01,-3.000000000000000000e+01,2.802364349365234375e+00,-3.351142406463623047e+00
0.000000000000000000e+00,1.989290237426757812e+01,-7.807689666748046875e+00,-6.756386756896972656e-01,-3.000000000000000000e+01,-7.893651962280273438e+00,-4.200391292572021484e+00
0.000000000000000000e+00,3.000000000000000000e+01,3.580696105957031250e+00,-1.924715042114257812e-01,-3.000000000000000000e+01,-1.746788597106933594e+01,-5.000000000000000000e+00
0.000000000000000000e+00,3.000000000000000000e+01,-6.152538299560546875e+00,-3.713240146636962891e+00,-6.177005767822265625e+00,1.037170410156250000e+00,-4.839966773986816406e+00
0.000000000000000000e+00,-3.081102371215820312e+00,-2.123546600341796875e-01,-3.273807048797607422e+00,3.000000000000000000e+01,1.869873809814453125e+01,-3.371741771697998047e+00
0.000000000000000000e+00,-3.000000000000000000e+01,3.142669677734375000e+00,-4.016784667968750000e+00,2.878764343261718750e+01,-1.579835033416748047e+01,-5.000000000000000000e+00
0.000000000000000000e+00,-3.000000000000000000e+01,5.661144256591796875e-01,-5.000000000000000000e+00,3.000000000000000000e+01,-2.198488998413085938e+01,-2.231702804565429688e+00
0.000000000000000000e+00,-3.000000000000000000e+01,-2.887540435791015625e+01,-3.956796646118164062e+00,1.910868072509765625e+01,-1.457017421722412109e+01,-5.000000000000000000e+00
0.000000000000000000e+00,-3.000000000000000000e+01,-1.254883956909179688e+01,-5.000000000000000000e+00,2.306642150878906250e+01,-8.602962493896484375e+00,-5.159854888916015625e-03
0.000000000000000000e+00,-2.517466545104980469e+01,1.139583587646484375e-01,-5.000000000000000000e+00,1.003614807128906250e+01,-7.752199172973632812e+00,-6.462025642395019531e-01
0.000000000000000000e+00,3.738857269287109375e+00,3.447364807128906250e+00,-2.572329282760620117e+00,1.654342651367187500e+00,-9.234424591064453125e+00,-1.147245168685913086e+00
0.000000000000000000e+00,1.287508773803710938e+01,6.448390960693359375e+00,-1.526249408721923828e+00,-9.105310440063476562e+00,-4.632549285888671875e+00,-1.622833728790283203e+00
0.000000000000000000e+00,-1.883784484863281250e+01,1.044945526123046875e+01,-3.640870809555053711e+00,-1.772629165649414062e+01,1.936891555786132812e+00,-2.961513519287109375e+00
0.000000000000000000e+00,-4.363698959350585938e+00,-6.507761001586914062e+00,-6.203460693359375000e-01,-3.000000000000000000e+01,-1.878075599670410156e+01,-2.680733203887939453e+00
0.000000000000000000e+00,-1.661742019653320312e+01,-4.901885986328125000e+00,-4.789774894714355469e+00,-2.287404251098632812e+01,8.062805175781250000e+00,-4.550398349761962891e+00
0.000000000000000000e+00,1.828913497924804688e+01,-1.824764251708984375e+00,-2.896638393402099609e+00,-3.000000000000000000e+01,7.886760711669921875e+00,-4.312914848327636719e+00
0.000000000000000000e+00,3.000000000000000000e+01,-9.894622802734375000e+00,-1.795493602752685547e+00,-3.000000000000000000e+01,-1.262144088745117188e+00,-5.000000000000000000e+00
0.000000000000000000e+00,3.000000000000000000e+01,-1.166990470886230469e+01,-3.261879920959472656e+00,-3.000000000000000000e+01,-1.897060966491699219e+01,-5.000000000000000000e+00
0.000000000000000000e+00,3.000000000000000000e+01,-1.012227821350097656e+01,-1.207719087600708008e+00,-3.000000000000000000e+01,-1.420683670043945312e+01,-5.000000000000000000e+00
0.000000000000000000e+00,3.000000000000000000e+01,-9.341640472412109375e+00,-1.858379840850830078e+00,-5.784755706787109375e+00,6.736553192138671875e+00,-4.949659347534179688e+00
0.000000000000000000e+00,3.000000000000000000e+01,-1.285868072509765625e+01,-4.166236400604248047e+00,6.351711273193359375e+00,1.070592117309570312e+01,-5.000000000000000000e+00
0.000000000000000000e+00,-1.334435844421386719e+01,-5.722232818603515625e+00,-3.916713237762451172e+00,3.000000000000000000e+01,1.955395507812500000e+01,-3.823003768920898438e+00
0.000000000000000000e+00,-3.000000000000000000e+01,-1.170111083984375000e+01,-5.000000000000000000e+00,3.000000000000000000e+01,-1.295130729675292969e+01,-4.468963623046875000e+00
0.000000000000000000e+00,-3.000000000000000000e+01,-9.317050933837890625e+00,-5.000000000000000000e+00,3.000000000000000000e+01,1.100036621093750000e+01,-4.052567481994628906e+00
0.000000000000000000e+00,-3.000000000000000000e+01,5.362377166748046875e+00,-5.000000000000000000e+00,3.000000000000000000e+01,-1.071434974670410156e+01,-3.784765243530273438e+00
0.000000000000000000e+00,-3.000000000000000000e+01,-7.485485076904296875e-01,-4.743159294128417969e+00,2.297110748291015625e+01,-8.567956924438476562e+00,-1.409632921218872070e+00
0.000000000000000000e+00,-3.000000000000000000e+01,-2.933632659912109375e+01,-4.741395950317382812e+00,1.737328338623046875e+01,-1.048165512084960938e+01,-5.000000000000000000e+00
0.000000000000000000e+00,-3.475799560546875000e+00,-9.812774658203125000e-01,-4.077798843383789062e+00,1.218900680541992188e+01,-6.065982818603515625e+00,-1.426565647125244141e+00
0.000000000000000000e+00,7.822650909423828125e+00,3.295043945312500000e+00,-3.205287694931030273e+00,1.371421813964843750e-01,-7.137090682983398438e+00,1.577892303466796875e-01
0.000000000000000000e+00,1.177844619750976562e+01,4.600311279296875000e+00,-2.611273765563964844e+00,-1.982594871520996094e+01,1.139055252075195312e+00,-1.497201442718505859e+00
0.000000000000000000e+00,-1.580352210998535156e+01,1.614268875122070312e+01,-2.423265457153320312e+00,-3.000000000000000000e+01,-1.324797248840332031e+01,-2.894847154617309570e+00
0.000000000000000000e+00,1.181640243530273438e+01,-1.235689735412597656e+01,-5.220594406127929688e-01,-3.000000000000000000e+01,2.684288024902343750e-01,-2.220440387725830078e+00
0.000000000000000000e+00,3.000000000000000000e+01,4.894599914550781250e-01,-2.831692457199096680e+00,-3.000000000000000000e+01,4.244705200195312500e+00,-4.050837039947509766e+00
0.000000000000000000e+00,3.000000000000000000e+01,-2.355863189697265625e+01,-7.098331451416015625e-01,-3.000000000000000000e+01,1.214962005615234375e+00,-3.420836448669433594e+00
0.000000000000000000e+00,3.000000000000000000e+01,-1.479139518737792969e+01,-1.302561759948730469e+00,-3.000000000000000000e+01,-3.675043106079101562e+00,-4.410993576049804688e+00
0.000000000000000000e+00,3.000000000000000000e+01,-1.000967788696289062e+01,-1.582988500595092773e+00,-3.000000000000000000e+01,-1.890692329406738281e+01,-5.000000000000000000e+00
0.000000000000000000e+00,3.000000000000000000e+01,-9.350055694580078125e+00,-1.735541343688964844e+00,-1.030923652648925781e+01,-1.169902992248535156e+01,-5.000000000000000000e+00
0.000000000000000000e+00,-2.031391143798828125e+00,-2.802650451660156250e+00,-4.532598495483398438e+00,3.000000000000000000e+01,1.190715789794921875e+01,-4.990311145782470703e+00
0.000000000000000000e+00,-3.000000000000000000e+01,-4.048387527465820312e+00,-3.169295310974121094e+00,1.418934631347656250e+01,-1.564409160614013672e+01,-5.000000000000000000e+00
0.000000000000000000e+00,-3.000000000000000000e+01,-1.346021270751953125e+01,-5.000000000000000000e+00,3.000000000000000000e+01,-1.576778793334960938e+01,-5.000000000000000000e+00
0.000000000000000000e+00,-3.000000000000000000e+01,-2.090874481201171875e+01,-5.000000000000000000e+00,2.199455642700195312e+01,-1.772181320190429688e+01,-3.778198242187500000e+00
0.000000000000000000e+00,-3.000000000000000000e+01,1.904244232177734375e+01,-5.000000000000000000e+00,2.088452911376953125e+01,-9.368509292602539062e+00,-4.437199592590332031e+00
0.000000000000000000e+00,-3.000000000000000000e+01,-1.263232612609863281e+01,-2.915153264999389648e+00,-4.759017944335937500e+00,-1.695434379577636719e+01,-3.867239952087402344e+00
0.000000000000000000e+00,5.212387084960937500e+00,-1.755088806152343750e+01,-1.161304712295532227e+00,1.112022399902343750e+00,-1.735484504699707031e+01,-2.599465370178222656e+00
0.000000000000000000e+00,3.000000000000000000e+01,1.324223327636718750e+01,-1.196364879608154297e+00,-2.377588272094726562e+01,-1.025651931762695312e+01,-1.468667984008789062e-01
0.000000000000000000e+00,-2.559984207153320312e+00,1.343209457397460938e+01,-2.062532901763916016e+00,-2.572757339477539062e+01,-1.039235877990722656e+01,-5.000000000000000000e+00
0.000000000000000000e+00,1.415155410766601562e+00,-6.034973144531250000e+00,-1.522367238998413086e+00,-3.000000000000000000e+01,-3.345506668090820312e+00,-3.331514596939086914e+00
0.000000000000000000e+00,2.430026626586914062e+01,-5.960279464721679688e+00,-2.474145412445068359e+00,-3.000000000000000000e+01,-9.145694732666015625e+00,-4.623308181762695312e+00
0.000000000000000000e+00,3.000000000000000000e+01,-1.090106964111328125e+01,-2.121894359588623047e+00,-3.000000000000000000e+01,1.203876113891601562e+01,-1.867234230041503906e+00
0.000000000000000000e+00,3.000000000000000000e+01,-3.679450988769531250e+00,-1.160767078399658203e+00,-3.000000000000000000e+01,5.368976593017578125e+00,-3.501927375793457031e+00
0.000000000000000000e+00,2.934556579589843750e+01,-1.802749633789062500e-01,-1.205029726028442383e+00,-2.141014862060546875e+01,-7.805997848510742188e+00,-4.084083557128906250e+00
0.000000000000000000e+00,3.000000000000000000e+01,3.908157348632812500e-02,-1.443212032318115234e+00,-2.510044860839843750e+01,-9.864908218383789062e+00,-5.000000000000000000e+00
0.000000000000000000e+00,3.000000000000000000e+01,-8.085828781127929688e+00,-3.611055850982666016e+00,2.419353485107421875e+00,1.303136444091796875e+01,-5.000000000000000000e+00
0.000000000000000000e+00,1.179185104370117188e+01,-8.748886108398437500e+00,-4.203423500061035156e+00,3.000000000000000000e+01,1.849842453002929688e+01,-4.270198345184326172e+00
0.000000000000000000e+00,-3.000000000000000000e+01,2.279327392578125000e+00,-5.000000000000000000e+00,3.000000000000000000e+01,-1.547189712524414062e+01,-4.534925937652587891e+00
0.000000000000000000e+00,-3.000000000000000000e+01,-1.221905708312988281e+01,-5.000000000000000000e+00,3.000000000000000000e+01,-1.619944000244140625e+01,-4.675612926483154297e+00
0.000000000000000000e+00,-3.000000000000000000e+01,-2.146322631835937500e+01,-5.000000000000000000e+00,3.000000000000000000e+01,-1.559959316253662109e+01,-3.707875251770019531e+00
0.000000000000000000e+00,-3.000000000000000000e+01,8.265628814697265625e+00,-5.000000000000000000e+00,2.480013275146484375e+01,-8.756935119628906250e+00,-2.788081169128417969e+00
0.000000000000000000e+00,-3.000000000000000000e+01,-2.050413131713867188e+00,-4.894676685333251953e+00,2.772666168212890625e+01,-3.663988113403320312e+00,-3.395319223403930664e+00
0.000000000000000000e+00,-3.000000000000000000e+01,-1.492657566070556641e+01,-2.660870552062988281e+00,-7.140787124633789062e+00,-8.659004211425781250e+00,-1.767737627029418945e+00
0.000000000000000000e+00,-8.511711120605468750e+00,-1.926212501525878906e+01,-2.073552370071411133e+00,-1.995377922058105469e+01,-9.314481735229492188e+00,5.882568359375000000e-01
0.000000000000000000e+00,1.437670516967773438e+01,2.553146362304687500e+00,1.008837223052978516e+00,-1.143180274963378906e+01,-1.979181289672851562e+00,-3.863237380981445312e+00
0.000000000000000000e+00,3.000000000000000000e+01,3.000000000000000000e+01,-1.679603576660156250e+00,-3.000000000000000000e+01,-5.840744018554687500e+00,-3.364551305770874023e+00
0.000000000000000000e+00,1.898413467407226562e+01,3.579521179199218750e-02,-1.260558605194091797e+00,-3.000000000000000000e+01,1.305449295043945312e+01,-2.013488292694091797e+00
0.000000000000000000e+00,1.562028884887695312e+01,-7.076183319091796875e+00,3.640928268432617188e-01,-3.000000000000000000e+01,1.361368179321289062e+00,-4.474581718444824219e+00
0.000000000000000000e+00,2.838564682006835938e+01,-1.300607109069824219e+01,-3.417396545410156250e-02,-3.000000000000000000e+01,-5.381195068359375000e+00,-4.564797878265380859e+00
0.000000000000000000e+00,3.000000000000000000e+01,-6.514364242553710938e+00,-1.000814199447631836e+00,-3.000000000000000000e+01,-1.426864242553710938e+01,-5.000000000000000000e+00
0.000000000000000000e+00,3.000000000000000000e+01,-1.980773925781250000e+01,-1.315946578979492188e+00,-3.000000000000000000e+01,-7.856601715087890625e+00,-5.000000000000000000e+00
0.000000000000000000e+00,3.000000000000000000e+01,-1.427407646179199219e+01,-2.981342792510986328e+00,-2.283774375915527344e+01,6.716957092285156250e-01,-5.000000000000000000e+00
0.000000000000000000e+00,3.000000000000000000e+01,-1.222360229492187500e+01,-4.728289127349853516e+00,-8.237604141235351562e+00,9.744251251220703125e+00,-5.000000000000000000e+00
0.000000000000000000e+00,3.000000000000000000e+01,-1.628275680541992188e+01,-5.000000000000000000e+00,-4.296655654907226562e+00,1.135446166992187500e+01,-5.000000000000000000e+00
0.000000000000000000e+00,-7.512775421142578125e+00,-6.845357894897460938e+00,-5.000000000000000000e+00,3.000000000000000000e+01,1.287963104248046875e+01,-5.000000000000000000e+00
0.000000000000000000e+00,-3.000000000000000000e+01,-1.246177291870117188e+01,-5.000000000000000000e+00,3.000000000000000000e+01,-8.494880676269531250e+00,-5.000000000000000000e+00
0.000000000000000000e+00,-3.000000000000000000e+01,1.977725982666015625e+00,-5.000000000000000000e+00,3.000000000000000000e+01,-1.312280464172363281e+01,-5.000000000000000000e+00
0.000000000000000000e+00,-3.000000000000000000e+01,-1.535587310791015625e-01,-5.000000000000000000e+00,3.000000000000000000e+01,-1.708390617370605469e+01,-5.000000000000000000e+00
0.000000000000000000e+00,-3.000000000000000000e+01,-9.625816345214843750e-01,-5.000000000000000000e+00,2.321167373657226562e+01,-1.689775848388671875e+01,-5.000000000000000000e+00
0.000000000000000000e+00,-3.000000000000000000e+01,-2.503898620605468750e+00,-5.000000000000000000e+00,5.978763580322265625e+00,-1.830904006958007812e+01,-4.324314117431640625e+00
0.000000000000000000e+00,-2.722382926940917969e+01,-1.724464035034179688e+01,-5.000000000000000000e+00,2.596927642822265625e+00,-3.385501861572265625e+00,-4.183874130249023438e-01
0.000000000000000000e+00,-8.808050155639648438e+00,-3.760393142700195312e+00,-4.695311069488525391e+00,-1.251451873779296875e+01,-1.334217071533203125e+00,1.159075736999511719e+00
0.000000000000000000e+00,1.785840606689453125e+01,1.306472778320312500e+00,-2.802164077758789062e+00,-1.651265144348144531e+01,-1.040040016174316406e+01,-3.478100776672363281e+00
0.000000000000000000e+00,2.506755447387695312e+01,1.251698303222656250e+01,-2.177890539169311523e+00,-3.000000000000000000e+01,-3.037635803222656250e+00,-2.351503372192382812e+00
0.000000000000000000e+00,2.556860351562500000e+01,2.407004547119140625e+01,-8.481121063232421875e-02,-3.000000000000000000e+01,-7.325496673583984375e-01,-1.637419462203979492e+00
0.000000000000000000e+00,1.934254455566406250e+01,3.069404602050781250e+00,-8.192911148071289062e-01,-3.000000000000000000e+01,-1.464339160919189453e+01,-4.285361289978027344e+00
0.000000000000000000e+00,2.903398132324218750e+01,-1.340562057495117188e+01,1.872964382171630859e+00,-3.000000000000000000e+01,1.082479476928710938e+01,-3.876351833343505859e+00
0.000000000000000000e+00,2.829912948608398438e+01,-1.366947364807128906e+01,4.088063240051269531e-01,-3.000000000000000000e+01,-8.575439453125000000e-02,-5.000000000000000000e+00
0.000000000000000000e+00,3.000000000000000000e+01,-6.709089279174804688e+00,2.312202453613281250e-01,-3.000000000000000000e+01,-1.787040710449218750e+01,-5.000000000000000000e+00
0.000000000000000000e+00,3.000000000000000000e+01,2.480384826660156250e+00,-2.938833236694335938e-01,-3.000000000000000000e+01,-1.274547195434570312e+01,-5.000000000000000000e+00
0.000000000000000000e+00,3.000000000000000000e+01,-7.937335968017578125e-01,-2.823520660400390625e+00,-1.468617057800292969e+01,3.492744445800781250e+00,-5.000000000000000000e+00
0.000000000000000000e+00,3.000000000000000000e+01,-1.084326934814453125e+01,-1.243960380554199219e+00,6.780368804931640625e+00,1.312818145751953125e+01,-4.069953441619873047e+00
0.000000000000000000e+00,-2.735944366455078125e+01,7.930923461914062500e+00,-4.453868389129638672e+00,3.000000000000000000e+01,-1.244525527954101562e+01,-5.000000000000000000e+00
0.000000000000000000e+00,-3.000000000000000000e+01,-1.184700584411621094e+01,-5.000000000000000000e+00,3.000000000000000000e+01,-2.340958595275878906e+01,-5.000000000000000000e+00
0.000000000000000000e+00,-3.000000000000000000e+01,-2.437103652954101562e+01,-5.000000000000000000e+00,2.911714172363281250e+01,-2.215577697753906250e+01,-4.879503726959228516e+00
0.000000000000000000e+00,-3.000000000000000000e+01,1.546596908569335938e+01,-5.000000000000000000e+00,2.763473510742187500e+01,4.796390533447265625e-01,-5.000000000000000000e+00
0.000000000000000000e+00,-1.221291732788085938e+01,-1.979598808288574219e+01,-3.138956069946289062e+00,2.190135955810546875e+01,-1.724061775207519531e+01,-4.451961994171142578e+00
0.000000000000000000e+00,-1.804543304443359375e+01,1.294383621215820312e+01,-4.635751724243164062e+00,1.049898910522460938e+01,-2.260177612304687500e+00,-2.681128025054931641e+00
0.000000000000000000e+00,-4.597749710083007812e+00,-2.876776504516601562e+01,-1.325013875961303711e+00,1.281255722045898438e+00,-1.610527038574218750e+01,-2.116876125335693359e+00
0.000000000000000000e+00,-2.015024185180664062e+00,1.216143417358398438e+01,-1.448657751083374023e+00,-6.201749801635742188e+00,2.223731994628906250e+00,-1.320119857788085938e+00
0.000000000000000000e+00,1.502640151977539062e+01,1.413419342041015625e+01,-2.589101791381835938e-01,-1.967617797851562500e+01,-1.706811141967773438e+01,-6.097359657287597656e-01
0.000000000000000000e+00,6.185451507568359375e+00,-7.914726257324218750e+00,1.795258045196533203e+00,-2.698434638977050781e+01,-2.548273086547851562e+00,-7.912921905517578125e-02
0.000000000000000000e+00,-5.802947998046875000e+00,3.000000000000000000e+01,-1.820095777511596680e+00,-2.525937461853027344e+01,-1.045154380798339844e+01,-1.831308603286743164e+00
0.000000000000000000e+00,7.172863006591796875e+00,1.886730194091796875e-01,9.329433441162109375e-01,-3.000000000000000000e+01,4.541618347167968750e+00,-2.946637153625488281e+00
0.000000000000000000e+00,1.623733520507812500e+01,9.056945800781250000e+00,-1.294604778289794922e+00,-3.000000000000000000e+01,-1.613954925537109375e+01,-4.070837020874023438e+00
0.000000000000000000e+00,2.720783233642578125e+01,-1.045459938049316406e+01,-2.283039093017578125e-01,-3.000000000000000000e+01,-2.046209335327148438e+00,-3.306124448776245117e+00
0.000000000000000000e+00,3.000000000000000000e+01,-4.586032867431640625e+00,2.031458854675292969e+00,-3.000000000000000000e+01,1.347755432128906250e+00,-4.045396327972412109e+00
0.000000000000000000e+00,3.000000000000000000e+01,-3.362968444824218750e+00,1.524854660034179688e+00,-3.000000000000000000e+01,-4.430849075317382812e+00,-3.687031507492065430e+00
0.000000000000000000e+00,3.000000000000000000e+01,-3.294830322265625000e+00,1.367050170898437500e+00,-3.000000000000000000e+01,-8.828788757324218750e+00,-5.000000000000000000e+00
0.000000000000000000e+00,3.000000000000000000e+01,-5.961751937866210938e+00,2.934031486511230469e-01,-3.000000000000000000e+01,-1.111696434020996094e+01,-5.000000000000000000e+00
0.000000000000000000e+00,3.000000000000000000e+01,-1.329249382019042969e+01,-1.932783603668212891e+00,-1.417007446289062500e+00,4.964614868164062500e+00,-3.572063922882080078e+00
0.000000000000000000e+00,2.144744873046875000e+00,1.868039703369140625e+01,-3.232140541076660156e+00,3.000000000000000000e+01,-6.244262695312500000e+00,-5.000000000000000000e+00
0.000000000000000000e+00,-2.578391075134277344e+01,-5.267393112182617188e+00,-2.365813016891479492e+00,3.000000000000000000e+01,-1.304881095886230469e+01,-5.000000000000000000e+00
0.000000000000000000e+00,-3.000000000000000000e+01,-7.822980880737304688e+00,-3.666673660278320312e+00,3.000000000000000000e+01,-1.949506378173828125e+01,-5.000000000000000000e+00
0.000000000000000000e+00,-3.000000000000000000e+01,-2.288689994812011719e+01,-3.239791631698608398e+00,3.000000000000000000e+01,-2.676286697387695312e+00,-5.000000000000000000e+00
0.000000000000000000e+00,-3.000000000000000000e+01,4.710723876953125000e+00,-5.000000000000000000e+00,2.121960067749023438e+01,-2.276079177856445312e+01,-9.442658424377441406e-01
0.000000000000000000e+00,-3.000000000000000000e+01,-1.890415000915527344e+01,-3.787317514419555664e+00,8.185146331787109375e+00,-2.037763404846191406e+01,-1.655597686767578125e-01
0.000000000000000000e+00,-2.050254821777343750e+01,-4.461645126342773438e+00,-3.596315860748291016e+00,1.043330764770507812e+01,-1.608441925048828125e+01,-8.233928680419921875e-02
0.000000000000000000e+00,-1.382307434082031250e+01,-1.744480133056640625e+00,-2.839063405990600586e+00,5.245086669921875000e+00,-9.407115936279296875e+00,-5.779829025268554688e-01
0.000000000000000000e+00,-7.641349792480468750e+00,1.274108886718750000e-03,-1.562432765960693359e+00,1.033254623413085938e+00,-5.742828369140625000e+00,-1.255311727523803711e+00
0.000000000000000000e+00,3.604248046875000000e+00,2.967853546142578125e-01,-7.924633026123046875e-01,-1.209829330444335938e+01,-8.137308120727539062e+00,-1.204188823699951172e+00
0.000000000000000000e+00,1.853796005249023438e+01,6.273303985595703125e+00,-9.212718009948730469e-01,-2.400374984741210938e+01,-8.201133728027343750e+00,-5.536575317382812500e-01
0.000000000000000000e+00,2.539352035522460938e+01,1.932261276245117188e+01,4.050102233886718750e-01,-1.273053169250488281e+01,-6.947200775146484375e+00,-1.448249340057373047e+00
0.000000000000000000e+00,-9.593456268310546875e+00,1.718826293945312500e+01,-8.897495269775390625e-02,-3.000000000000000000e+01,-2.467418670654296875e+00,-3.496866226196289062e+00
0.000000000000000000e+00,2.884212493896484375e+00,-1.427073287963867188e+01,-1.564512729644775391e+00,-3.000000000000000000e+01,-4.999437332153320312e+00,-3.988038063049316406e+00
0.000000000000000000e+00,3.000000000000000000e+01,1.629054641723632812e+01,-4.649987220764160156e-01,-2.617547607421875000e+01,-7.302478790283203125e+00,-3.677435159683227539e+00
0.000000000000000000e+00,2.164536666870117188e+01,-1.846081542968750000e+01,-1.623127460479736328e+00,-2.623995208740234375e+01,-7.459451675415039062e+00,-3.817610263824462891e+00
0.000000000000000000e+00,2.751253509521484375e+01,1.562813186645507812e+01,-2.552347183227539062e+00,-1.643862533569335938e+01,-2.728935241699218750e+00,-5.000000000000000000e+00
0.000000000000000000e+00,3.000000000000000000e+01,-3.000000000000000000e+01,4.871292114257812500e-01,-3.000000000000000000e+01,6.473106384277343750e+00,-3.149550914764404297e+00
0.000000000000000000e+00,3.000000000000000000e+01,8.471363067626953125e+00,3.962279319763183594e+00,-1.313032150268554688e+01,-8.553123474121093750e-01,-4.280080318450927734e+00
0.000000000000000000e+00,3.000000000000000000e+01,-1.155474853515625000e+01,2.246253013610839844e+00,-1.166508483886718750e+01,-2.186779022216796875e+00,-5.000000000000000000e+00
0.000000000000000000e+00,3.000000000000000000e+01,-1.635663223266601562e+01,1.449590682983398438e+00,9.821434020996093750e-01,-6.584791183471679688e+00,-4.907593250274658203e+00
0.000000000000000000e+00,1.187772369384765625e+01,-2.499490165710449219e+01,4.872035980224609375e-01,2.379200363159179688e+01,2.096667861938476562e+01,-3.241913080215454102e+00
0.000000000000000000e+00,-3.000000000000000000e+01,-1.691795730590820312e+01,-6.010217666625976562e-01,1.543247222900390625e+01,-5.279170989990234375e+00,-3.273635387420654297e+00
0.000000000000000000e+00,-2.883345413208007812e+01,-2.659915733337402344e+01,-2.465670585632324219e+00,1.845603561401367188e+01,-7.765150070190429688e+00,-3.538802623748779297e+00
0.000000000000000000e+00,-3.000000000000000000e+01,-8.085582733154296875e+00,-1.968992233276367188e+00,1.724037933349609375e+01,-7.079986572265625000e+00,-2.912585735321044922e+00
0.000000000000000000e+00,-2.144197845458984375e+01,-1.250362586975097656e+01,-1.754805564880371094e+00,9.350708007812500000e+00,-1.602779579162597656e+01,-4.185515880584716797e+00
0.000000000000000000e+00,-1.616356277465820312e+01,-9.197061538696289062e+00,-1.192803144454956055e+00,4.180587768554687500e+00,-1.293012809753417969e+01,-4.425112247467041016e+00
0.000000000000000000e+00,-6.842241287231445312e+00,-6.414775848388671875e-01,-1.441012620925903320e+00,8.255104064941406250e+00,-1.490850257873535156e+01,-4.812345504760742188e+00
0.000000000000000000e+00,-4.477218627929687500e+00,-1.129570007324218750e+00,-1.495735168457031250e+00,1.233208084106445312e+01,-1.299280548095703125e+01,-5.000000000000000000e+00
0.000000000000000000e+00,-1.065602111816406250e+01,-1.692644119262695312e+00,-1.448126316070556641e+00,1.534212493896484375e+01,-9.671329498291015625e+00,-4.623814582824707031e+00
0.000000000000000000e+00,-1.479938888549804688e+01,-5.143640518188476562e+00,-9.127025604248046875e-01,8.406860351562500000e+00,-8.496330261230468750e+00,-3.422233819961547852e+00
0.000000000000000000e+00,-1.906584167480468750e+01,-1.232667350769042969e+01,-4.935245513916015625e-01,1.476821899414062500e-01,-8.380548477172851562e+00,-2.475728988647460938e+00
0.000000000000000000e+00,-2.060469055175781250e+01,-7.543655395507812500e+00,-1.878384351730346680e+00,7.687740325927734375e-01,-1.181039619445800781e+01,-1.925784111022949219e+00
0.000000000000000000e+00,1.799507141113281250e-01,-1.378807067871093750e+01,-1.740226745605468750e-01,7.848567962646484375e+00,6.575622558593750000e-01,-4.686275482177734375e+00
0.000000000000000000e+00,3.000000000000000000e+01,7.167259216308593750e+00,-1.692081689834594727e+00,-1.518767547607421875e+01,6.494102478027343750e-01,-4.264978885650634766e+00
0.000000000000000000e+00,-6.464042663574218750e-01,-3.217586517333984375e+00,-2.269988059997558594e+00,-2.730158233642578125e+01,1.191896820068359375e+01,-2.095117330551147461e+00
0.000000000000000000e+00,3.000000000000000000e+01,4.354381561279296875e+00,-1.571176528930664062e+00,-2.764739990234375000e+01,-1.092363166809082031e+01,-2.948563337326049805e+00
0.000000000000000000e+00,1.937056732177734375e+01,-9.175441741943359375e+00,-1.906467676162719727e+00,-3.000000000000000000e+01,-8.546403884887695312e+00,-2.871742725372314453e+00
0.000000000000000000e+00,3.000000000000000000e+01,-2.025641822814941406e+01,4.062004089355468750e-01,-3.000000000000000000e+01,-7.916564941406250000e-01,-3.440760135650634766e+00
0.000000000000000000e+00,3.000000000000000000e+01,-1.140293884277343750e+01,-2.141342163085937500e-01,-3.000000000000000000e+01,-3.584400177001953125e+00,-3.873412847518920898e+00
0.000000000000000000e+00,3.000000000000000000e+01,-5.104679107666015625e+00,-2.602000236511230469e-01,-3.000000000000000000e+01,-8.610338211059570312e+00,-4.998885631561279297e+00
0.000000000000000000e+00,3.000000000000000000e+01,-6.644477844238281250e+00,-4.195871353149414062e-01,-3.000000000000000000e+01,-1.042774772644042969e+01,-5.000000000000000000e+00
0.000000000000000000e+00,3.000000000000000000e+01,-9.713289260864257812e+00,-1.039297580718994141e+00,-3.000000000000000000e+01,3.929687500000000000e+00,-4.258763313293457031e+00
0.000000000000000000e+00,3.000000000000000000e+01,-1.129181671142578125e+01,-1.710434436798095703e+00,-1.681752014160156250e+01,6.629364013671875000e+00,-4.686831951141357422e+00
0.000000000000000000e+00,3.000000000000000000e+01,-1.187438201904296875e+01,-2.522175550460815430e+00,1.501886749267578125e+01,2.210534286499023438e+01,-4.048446178436279297e+00
0.000000000000000000e+00,-3.000000000000000000e+01,-1.121702384948730469e+01,-5.000000000000000000e+00,3.000000000000000000e+01,6.462879180908203125e+00,-4.969019412994384766e+00
0.000000000000000000e+00,-2.965593719482421875e+01,-6.379837036132812500e+00,-5.000000000000000000e+00,3.000000000000000000e+01,-2.381349563598632812e+00,-5.000000000000000000e+00
0.000000000000000000e+00,-3.000000000000000000e+01,-8.105201721191406250e-01,-5.000000000000000000e+00,3.000000000000000000e+01,-6.618446350097656250e+00,-5.000000000000000000e+00
0.000000000000000000e+00,-3.000000000000000000e+01,-2.082160949707031250e+00,-5.000000000000000000e+00,2.993256759643554688e+01,-2.247665596008300781e+01,-5.000000000000000000e+00
0.000000000000000000e+00,-3.000000000000000000e+01,-1.378026390075683594e+01,-5.000000000000000000e+00,1.432533264160156250e+01,-1.605409431457519531e+01,-4.518321990966796875e+00
0.000000000000000000e+00,-9.036104202270507812e+00,5.172012329101562500e+00,-3.581640243530273438e+00,1.161372756958007812e+01,-1.848150634765625000e+01,-4.216502189636230469e+00
0.000000000000000000e+00,-2.645143508911132812e+01,-1.792031097412109375e+01,-2.203777313232421875e+00,1.327806091308593750e+01,-1.408977985382080078e+01,-2.285416126251220703e+00
0.000000000000000000e+00,-1.111700439453125000e+01,5.612758636474609375e+00,-8.675661087036132812e-01,1.380328369140625000e+01,-1.311341667175292969e+01,-1.620329618453979492e+00
0.000000000000000000e+00,-2.338477516174316406e+01,1.302397537231445312e+01,-1.289317131042480469e+00,1.403740310668945312e+01,-1.642125320434570312e+01,-5.000000000000000000e+00
0.000000000000000000e+00,-1.494932079315185547e+01,-2.066576766967773438e+01,-1.679391860961914062e+00,-6.396919250488281250e+00,-2.024105072021484375e+00,-1.851620912551879883e+00
0.000000000000000000e+00,-2.143417358398437500e+01,1.225334167480468750e+00,-1.058546543121337891e+00,-1.148276519775390625e+01,4.695934295654296875e+00,-2.620227098464965820e+00
0.000000000000000000e+00,-2.364024734497070312e+01,2.176082611083984375e+01,2.495422840118408203e+00,-2.789690971374511719e+01,-1.726796722412109375e+01,-1.795063495635986328e+00
0.000000000000000000e+00,1.579154968261718750e+01,2.705350112915039062e+01,1.526884078979492188e+00,-3.000000000000000000e+01,-7.674980163574218750e-01,-1.362017631530761719e+00
0.000000000000000000e+00,7.605117797851562500e+00,2.363761901855468750e+00,5.870437622070312500e-02,-3.000000000000000000e+01,-9.992380142211914062e+00,-4.687061309814453125e-01
0.000000000000000000e+00,-2.202413558959960938e+00,-5.562765121459960938e+00,-1.204591274261474609e+00,-3.000000000000000000e+01,-1.104613494873046875e+01,1.575613021850585938e-01
0.000000000000000000e+00,-4.528585433959960938e+00,1.371645736694335938e+01,2.853178977966308594e-01,-3.000000000000000000e+01,-1.215108871459960938e+00,-1.591437339782714844e+00
0.000000000000000000e+00,9.553230285644531250e+00,-1.415617370605468750e+01,-4.534435272216796875e-02,-3.000000000000000000e+01,-1.059632301330566406e+01,-3.114476442337036133e+00
0.000000000000000000e+00,1.817884063720703125e+01,8.855812072753906250e+00,1.204665184020996094e+00,-3.000000000000000000e+01,-1.899762535095214844e+01,-2.493896007537841797e+00
0.000000000000000000e+00,3.000000000000000000e+01,1.824235916137695312e+01,1.644100189208984375e+00,-3.000000000000000000e+01,-2.124325180053710938e+01,-5.000000000000000000e+00
0.000000000000000000e+00,2.543959808349609375e+01,-1.162315559387207031e+01,-1.776878833770751953e+00,-9.969329833984375000e-02,-7.589307785034179688e+00,-4.157864570617675781e+00
0.000000000000000000e+00,2.082611465454101562e+01,1.214574432373046875e+01,2.546500205993652344e+00,-1.683570098876953125e+01,-1.975527000427246094e+01,-5.000000000000000000e+00
0.000000000000000000e+00,3.000000000000000000e+01,-4.809135437011718750e+00,1.515328884124755859e+00,-4.837985992431640625e+00,-1.924224472045898438e+01,-5.000000000000000000e+00
0.000000000000000000e+00,9.925476074218750000e+00,-1.849761581420898438e+01,-1.754055023193359375e-01,2.268450164794921875e+01,-9.487268447875976562e+00,-5.000000000000000000e+00
0.000000000000000000e+00,-2.521224021911621094e+01,-2.103871154785156250e+01,5.219573974609375000e-01,3.000000000000000000e+01,-3.925224304199218750e+00,-4.867808341979980469e+00
0.000000000000000000e+00,-3.000000000000000000e+01,-1.110363578796386719e+01,-3.201612949371337891e+00,3.000000000000000000e+01,-2.746422958374023438e+01,-3.194900751113891602e+00
0.000000000000000000e+00,-3.000000000000000000e+01,1.188455963134765625e+01,-3.590682029724121094e+00,3.000000000000000000e+01,-2.449594497680664062e+01,-3.363110065460205078e+00
0.000000000000000000e+00,-2.257383918762207031e+01,-1.217554664611816406e+01,-2.796267271041870117e+00,2.083149337768554688e+01,-1.862239074707031250e+01,-1.325623989105224609e+00
0.000000000000000000e+00,-1.489448547363281250e+01,-1.359444236755371094e+01,-1.887367725372314453e+00,1.590256881713867188e+01,-1.466849708557128906e+01,-2.245300292968750000e+00
0.000000000000000000e+00,-1.618864822387695312e+01,-1.180255889892578125e+00,-1.298983573913574219e+00,1.630140304565429688e+01,-3.241813659667968750e+00,-9.340882301330566406e-01
0.000000000000000000e+00,-1.048361396789550781e+01,-1.124063301086425781e+01,-5.913915634155273438e-01,1.170333862304687500e+01,-4.554479598999023438e+00,-1.328409194946289062e+00
0.000000000000000000e+00,-3.000000000000000000e+01,1.215284729003906250e+01,-2.745561838150024414e+00,1.311640930175781250e+01,-1.195558547973632812e+00,-6.617841720581054688e-01
0.000000000000000000e+00,-3.000000000000000000e+01,6.933078765869140625e-01,-2.288362979888916016e+00,-9.240255355834960938e+00,-2.330804824829101562e+00,-1.625206470489501953e+00
0.000000000000000000e+00,-3.000000000000000000e+01,-7.055217742919921875e+00,-1.545011520385742188e+00,-9.574583053588867188e+00,-2.066822052001953125e-01,-8.105316162109375000e-01
0.000000000000000000e+00,-3.000000000000000000e+01,6.979598999023437500e+00,-8.816671371459960938e-02,-3.000000000000000000e+01,-5.677854537963867188e+00,-7.412199974060058594e-01
0.000000000000000000e+00,1.554857635498046875e+01,3.000000000000000000e+01,8.417825698852539062e-01,-3.000000000000000000e+01,-1.053871726989746094e+01,-1.571891069412231445e+00
0.000000000000000000e+00,-1.979827499389648438e+01,-4.479494094848632812e+00,-3.746619224548339844e-01,-2.370737075805664062e+01,8.523059844970703125e+00,-1.040344715118408203e+00
0.000000000000000000e+00,-1.980163574218750000e+00,6.426383972167968750e+00,-2.053027153015136719e-01,-1.880084991455078125e+01,-1.113998413085937500e+01,-2.237323284149169922e+00
0.000000000000000000e+00,2.044635772705078125e+00,-8.587070465087890625e+00,-6.146430969238281250e-04,-1.756481742858886719e+01,-8.674409866333007812e+00,-2.679188013076782227e+00
0.000000000000000000e+00,2.158857727050781250e+01,2.626772308349609375e+01,-3.828759193420410156e-01,-2.130370712280273438e+01,-1.065912628173828125e+01,-2.686250209808349609e+00
0.000000000000000000e+00,2.270423126220703125e+01,-2.491929054260253906e+01,8.649110794067382812e-01,-2.692289733886718750e+01,5.776927947998046875e+00,1.066750526428222656e+00
0.000000000000000000e+00,1.020268630981445312e+01,-1.237896728515625000e+01,5.769057273864746094e-01,-3.000000000000000000e+01,-6.711923599243164062e+00,-5.000000000000000000e+00
0.000000000000000000e+00,3.000000000000000000e+01,-1.247782897949218750e+01,-2.724056243896484375e-01,-3.000000000000000000e+01,-1.279946708679199219e+01,-5.000000000000000000e+00
0.000000000000000000e+00,3.000000000000000000e+01,-1.752635574340820312e+01,-4.348564147949218750e-02,-8.726823806762695312e+00,-9.947399139404296875e+00,-2.829761505126953125e+00
0.000000000000000000e+00,3.000000000000000000e+01,-1.477604961395263672e+01,-1.569226026535034180e+00,1.661063385009765625e+01,-3.388145446777343750e+00,-5.000000000000000000e+00
0.000000000000000000e+00,-3.000000000000000000e+01,-4.692264556884765625e+00,-3.764889001846313477e+00,3.000000000000000000e+01,6.792865753173828125e+00,-5.000000000000000000e+00
0.000000000000000000e+00,-3.000000000000000000e+01,-1.625747489929199219e+01,-5.000000000000000000e+00,2.869326019287109375e+01,-8.980199813842773438e+00,-5.000000000000000000e+00
0.000000000000000000e+00,-3.000000000000000000e+01,-2.265415191650390625e-01,-5.000000000000000000e+00,2.745470428466796875e+01,-1.782929992675781250e+01,-5.000000000000000000e+00
0.000000000000000000e+00,-2.787232589721679688e+01,-2.404319953918457031e+01,-5.000000000000000000e+00,1.140647506713867188e+01,-2.308854293823242188e+01,-4.828315258026123047e+00
0.000000000000000000e+00,-5.941965103149414062e+00,2.034909057617187500e+01,-4.483210563659667969e+00,1.473021316528320312e+01,-1.561721706390380859e+01,-5.000000000000000000e+00
0.000000000000000000e+00,-2.455192947387695312e+01,-1.868758773803710938e+01,-2.467407941818237305e+00,3.000000000000000000e+01,8.372272491455078125e+00,-3.461223602294921875e+00
0.000000000000000000e+00,9.985427856445312500e+00,1.534328842163085938e+01,-4.585733413696289062e-01,2.068386077880859375e+00,-8.510208129882812500e+00,-1.409239768981933594e-01
0.000000000000000000e+00,-3.000000000000000000e+01,-2.244192123413085938e+00,-2.815308809280395508e+00,1.170293045043945312e+01,-1.181632995605468750e+00,4.123930931091308594e-01
0.000000000000000000e+00,-3.000000000000000000e+01,-1.027666854858398438e+01,-1.362187862396240234e+00,-5.226373672485351562e+00,-6.743129730224609375e+00,-7.850975990295410156e-01
0.000000000000000000e+00,-3.000000000000000000e+01,-5.390424728393554688e+00,-6.880254745483398438e-01,-1.210749244689941406e+01,-8.600412368774414062e+00,-2.083824634552001953e+00
0.000000000000000000e+00,-3.000000000000000000e+01,4.802040100097656250e+00,9.879446029663085938e-01,-2.091160202026367188e+01,-7.940498352050781250e+00,-1.115828037261962891e+00
0.000000000000000000e+00,7.378211975097656250e+00,3.000000000000000000e+01,2.334106445312500000e+00,-3.000000000000000000e+01,-4.861907958984375000e+00,-1.603887557983398438e+00
0.000000000000000000e+00,1.285900878906250000e+01,1.579695129394531250e+01,9.934892654418945312e-01,-3.000000000000000000e+01,5.294372558593750000e+00,-1.527430534362792969e+00
0.000000000000000000e+00,-1.943353652954101562e+00,5.281101226806640625e+00,-3.470593452453613281e+00,-1.622137832641601562e+01,-1.189543914794921875e+01,-1.794285774230957031e+00
0.000000000000000000e+00,1.307517242431640625e+01,-1.046669769287109375e+01,-9.486055374145507812e-01,-3.000000000000000000e+01,-8.400119781494140625e+00,-5.759439468383789062e-01
0.000000000000000000e+00,1.241783523559570312e+01,-6.607559204101562500e+00,2.684564590454101562e-01,-3.000000000000000000e+01,-9.263067245483398438e+00,2.380142211914062500e-01
0.000000000000000000e+00,1.082776641845703125e+01,1.871807479858398438e+01,1.625416278839111328e+00,-2.629985427856445312e+01,-1.909790611267089844e+01,-9.510931968688964844e-01
0.000000000000000000e+00,3.000000000000000000e+01,-2.423349380493164062e+00,3.634435653686523438e+00,-3.000000000000000000e+01,-2.196306800842285156e+01,-3.131512641906738281e+00
0.000000000000000000e+00,3.000000000000000000e+01,-1.640669250488281250e+01,3.076721191406250000e+00,-2.773486518859863281e+01,-7.434997558593750000e+00,-1.841887950897216797e+00
0.000000000000000000e+00,2.646318054199218750e+01,-2.116472434997558594e+01,6.387052536010742188e-01,-2.770772933959960938e+01,-1.614409065246582031e+01,-4.687455654144287109e+00
0.000000000000000000e+00,3.000000000000000000e+01,-1.097408294677734375e+01,-5.832171440124511719e-01,-2.891393470764160156e+01,-1.804104614257812500e+01,-5.000000000000000000e+00
0.000000000000000000e+00,3.000000000000000000e+01,-9.946950912475585938e+00,-1.667693853378295898e+00,-3.954710006713867188e+00,-2.532267761230468750e+01,-5.000000000000000000e+00
0.000000000000000000e+00,6.297187805175781250e+00,-1.106157493591308594e+01,-3.444450139999389648e+00,3.000000000000000000e+01,-6.210550308227539062e+00,-5.000000000000000000e+00
0.000000000000000000e+00,-2.239859390258789062e+01,-9.962007522583007812e+00,-5.000000000000000000e+00,3.000000000000000000e+01,-5.277784347534179688e+00,-5.000000000000000000e+00
0.000000000000000000e+00,-3.000000000000000000e+01,-4.523002624511718750e+00,-5.000000000000000000e+00,3.000000000000000000e+01,-1.055513191223144531e+01,-5.000000000000000000e+00
0.000000000000000000e+00,-2.413872528076171875e+01,-7.740743637084960938e+00,-5.000000000000000000e+00,3.000000000000000000e+01,3.768218994140625000e+00,-5.000000000000000000e+00
0.000000000000000000e+00,-3.000000000000000000e+01,-2.117059707641601562e+00,-5.000000000000000000e+00,1.656103134155273438e+01,-2.216153717041015625e+01,-5.000000000000000000e+00
0.000000000000000000e+00,-2.764888572692871094e+01,-8.832141876220703125e+00,-4.499299049377441406e+00,1.107838058471679688e+01,-1.231688690185546875e+01,-1.282415866851806641e+00
0.000000000000000000e+00,2.482997894287109375e+00,1.446609497070312500e-01,-1.294611454010009766e+00,7.404510498046875000e+00,-9.905138015747070312e+00,-1.235141754150390625e+00
0.000000000000000000e+00,-2.478397750854492188e+01,1.887229156494140625e+01,-3.496575117111206055e+00,9.670459747314453125e+00,-2.752124786376953125e+00,-1.060957431793212891e+00
0.000000000000000000e+00,-2.910390853881835938e+01,-3.000000000000000000e+01,-2.956083059310913086e+00,8.418777465820312500e+00,1.431529998779296875e+00,-2.379545688629150391e+00
0.000000000000000000e+00,-2.483946990966796875e+01,3.281478881835937500e+00,-1.488999366760253906e+00,-7.986265182495117188e+00,-6.819011688232421875e+00,-1.697353124618530273e+00
0.000000000000000000e+00,-1.428243732452392578e+01,1.082595443725585938e+01,-3.431415557861328125e-02,-3.000000000000000000e+01,-3.812633514404296875e+00,-9.694309234619140625e-01
0.000000000000000000e+00,-9.400487899780273438e+00,3.000000000000000000e+01,1.471896171569824219e-01,-2.136980056762695312e+01,-2.644428253173828125e+00,-1.593375205993652344e+00
0.000000000000000000e+00,-8.477722167968750000e+00,-7.713563919067382812e+00,-3.713479518890380859e+00,-2.196969985961914062e+01,-6.114830017089843750e+00,-1.137553691864013672e+00
0.000000000000000000e+00,-1.177959251403808594e+01,-1.185340499877929688e+01,3.911672592163085938e+00,-1.740097808837890625e+01,-7.923389434814453125e+00,-1.788504600524902344e+00
0.000000000000000000e+00,6.857559204101562500e+00,1.809365081787109375e+01,-1.718585491180419922e+00,-1.359715652465820312e+01,-2.466813850402832031e+01,-2.532338142395019531e+00
0.000000000000000000e+00,-3.259761810302734375e+00,-1.185869598388671875e+01,-4.563970565795898438e-01,-1.917821311950683594e+01,-6.630708694458007812e+00,-1.372337818145751953e+00
0.000000000000000000e+00,1.267097091674804688e+01,-7.474117279052734375e-01,-1.985201835632324219e+00,-1.723064422607421875e+01,-1.329439735412597656e+01,-1.651868820190429688e+00
0.000000000000000000e+00,7.424304962158203125e+00,-1.482299613952636719e+01,1.333132743835449219e+00,-3.000000000000000000e+01,-2.172342300415039062e+00,-1.784993648529052734e+00
0.000000000000000000e+00,1.142176818847656250e+01,-4.820079803466796875e+00,1.002840518951416016e+00,-3.000000000000000000e+01,-3.633550643920898438e+00,-2.573927402496337891e+00
0.000000000000000000e+00,4.478324890136718750e+00,-7.092708587646484375e+00,4.082942008972167969e-01,-2.245770645141601562e+01,-2.789211273193359375e+00,-1.023991107940673828e+00
0.000000000000000000e+00,1.211101150512695312e+01,-7.057701110839843750e+00,1.096105575561523438e-01,-2.114409637451171875e+01,-1.087745475769042969e+01,-1.445565223693847656e+00
0.000000000000000000e+00,3.000000000000000000e+01,-1.490131950378417969e+01,-2.342166900634765625e-01,-1.131867408752441406e+01,6.333560943603515625e-01,-2.221956491470336914e+00
0.000000000000000000e+00,2.003232574462890625e+01,1.687451171875000000e+01,-2.569169998168945312e-01,-4.528051376342773438e+00,-1.328814125061035156e+01,-5.000000000000000000e+00
0.000000000000000000e+00,3.000000000000000000e+01,8.783416748046875000e-01,1.095615386962890625e+00,9.320102691650390625e+00,-2.698209762573242188e+00,-5.000000000000000000e+00
0.000000000000000000e+00,7.019454956054687500e+00,-1.331964874267578125e+01,-1.281458139419555664e+00,3.000000000000000000e+01,1.837917327880859375e+00,-5.000000000000000000e+00
0.000000000000000000e+00,-3.000000000000000000e+01,-1.160872650146484375e+01,-2.976210594177246094e+00,3.000000000000000000e+01,-1.404918003082275391e+01,-5.000000000000000000e+00
0.000000000000000000e+00,-3.000000000000000000e+01,-6.151342391967773438e+00,-3.454588413238525391e+00,2.573146057128906250e+01,-2.483969879150390625e+01,-5.000000000000000000e+00
0.000000000000000000e+00,-3.000000000000000000e+01,-2.136419296264648438e+00,-5.000000000000000000e+00,1.425630187988281250e+01,-3.000000000000000000e+01,-5.000000000000000000e+00
0.000000000000000000e+00,-2.921440315246582031e+01,-2.817021942138671875e+01,-4.093433380126953125e+00,2.908647537231445312e+01,2.068962097167968750e+00,-1.349368333816528320e+00
0.000000000000000000e+00,-1.215859222412109375e+01,2.760350036621093750e+01,-3.302090644836425781e+00,1.647710418701171875e+01,-1.782326889038085938e+01,-5.000000000000000000e+00
0.000000000000000000e+00,-2.940287971496582031e+01,-1.545049858093261719e+01,-2.937086820602416992e+00,6.210887908935546875e+00,-5.680843353271484375e+00,1.075067520141601562e-01
0.000000000000000000e+00,-7.459445953369140625e+00,-1.473673629760742188e+01,-1.512136936187744141e+00,5.127285003662109375e+00,-1.320735549926757812e+01,-9.020175933837890625e-01
0.000000000000000000e+00,1.675120925903320312e+01,1.802719116210937500e+01,4.396080970764160156e-01,-4.593891143798828125e+00,-4.596891403198242188e+00,-1.942471265792846680e+00
0.000000000000000000e+00,-1.364586067199707031e+01,2.551794433593750000e+01,-2.755839824676513672e+00,-1.129215240478515625e+00,4.620815277099609375e+00,-1.830873727798461914e+00
0.000000000000000000e+00,-2.400041961669921875e+01,-2.911268424987792969e+01,-8.670940399169921875e-01,-1.494104862213134766e+01,-7.036006927490234375e+00,-1.883046150207519531e+00
0.000000000000000000e+00,-1.655584526062011719e+01,1.598714447021484375e+01,-3.343524932861328125e-01,-2.074918365478515625e+01,-8.459833145141601562e+00,-2.511914014816284180e+00
0.000000000000000000e+00,3.281810760498046875e+00,8.963878631591796875e+00,9.730978012084960938e-01,-3.000000000000000000e+01,-8.881793975830078125e+00,-1.227632045745849609e+00
0.000000000000000000e+00,-3.722457885742187500e-01,1.152285385131835938e+01,-1.137698888778686523e+00,-1.413037395477294922e+01,-9.634819030761718750e+00,-3.738939762115478516e+00
0.000000000000000000e+00,1.565162658691406250e+00,-1.160504913330078125e+01,8.032870292663574219e-01,-1.501949787139892578e+01,-6.447244644165039062e+00,-7.626094818115234375e-01
0.000000000000000000e+00,1.190005111694335938e+01,2.522930526733398438e+01,-1.775475740432739258e+00,-1.007934188842773438e+01,-1.423733901977539062e+01,-2.270452022552490234e+00
0.000000000000000000e+00,7.104949951171875000e-01,-1.506000804901123047e+01,-4.430809020996093750e-01,-3.000000000000000000e+01,2.045063018798828125e+00,4.569768905639648438e-01
0.000000000000000000e+00,2.533446502685546875e+01,8.780078887939453125e+00,-2.414598464965820312e-01,-2.678942108154296875e+01,-1.667648696899414062e+01,-5.000000000000000000e+00
0.000000000000000000e+00,3.000000000000000000e+01,-7.138576507568359375e-01,-1.306254386901855469e+00,-1.133980941772460938e+01,-3.879249572753906250e+00,-2.261882066726684570e+00
0.000000000000000000e+00,3.000000000000000000e+01,-1.705602073669433594e+01,-7.569265365600585938e-02,-3.000000000000000000e+01,-8.617729187011718750e+00,-3.109331130981445312e+00
0.000000000000000000e+00,3.000000000000000000e+01,-2.338105010986328125e+01,-4.280071258544921875e-01,-3.000000000000000000e+01,-1.015121650695800781e+01,-4.619666099548339844e+00
0.000000000000000000e+00,3.000000000000000000e+01,-1.977132415771484375e+01,-7.357473373413085938e-01,-3.000000000000000000e+01,-8.744987487792968750e+00,-5.000000000000000000e+00
0.000000000000000000e+00,3.000000000000000000e+01,-1.847487258911132812e+01,-6.149811744689941406e-01,-2.099722480773925781e+01,-1.235145187377929688e+01,-3.623292446136474609e+00
0.000000000000000000e+00,3.000000000000000000e+01,-4.929723739624023438e+00,-1.300880908966064453e+00,-1.100246620178222656e+01,-1.486362361907958984e+01,-5.000000000000000000e+00
0.000000000000000000e+00,3.000000000000000000e+01,-8.575286865234375000e-01,-2.467945814132690430e+00,1.132271194458007812e+01,-3.746610641479492188e+00,-5.000000000000000000e+00
0.000000000000000000e+00,-7.118568420410156250e+00,-8.470451354980468750e+00,-4.620600223541259766e+00,3.000000000000000000e+01,6.293983459472656250e+00,-5.000000000000000000e+00
0.000000000000000000e+00,-2.438062858581542969e+01,-1.640012550354003906e+01,-5.000000000000000000e+00,1.739253616333007812e+01,-3.255983352661132812e+00,-5.000000000000000000e+00
0.000000000000000000e+00,-3.000000000000000000e+01,-7.374641418457031250e+00,-4.991641998291015625e+00,2.367160415649414062e+01,-7.709651947021484375e+00,-5.000000000000000000e+00
0.000000000000000000e+00,-3.000000000000000000e+01,-6.652795791625976562e+00,-5.000000000000000000e+00,2.226964187622070312e+01,-2.148830032348632812e+01,-5.000000000000000000e+00
0.000000000000000000e+00,-1.224202728271484375e+01,-1.652572822570800781e+01,-5.000000000000000000e+00,2.813862991333007812e+01,3.827503204345703125e+00,-3.374356269836425781e+00
0.000000000000000000e+00,-3.000000000000000000e+01,6.218532562255859375e+00,-5.000000000000000000e+00,9.311565399169921875e+00,-1.155064392089843750e+01,-5.000000000000000000e+00
0.000000000000000000e+00,-1.433066368103027344e+01,3.638183593750000000e+00,-2.686736345291137695e+00,1.284785842895507812e+01,-9.083108901977539062e+00,-1.119989395141601562e+00
0.000000000000000000e+00,-1.679903030395507812e+00,-1.569051170349121094e+01,-1.123800754547119141e+00,-8.001079559326171875e-01,-1.232421112060546875e+01,-9.685306549072265625e-01
0.000000000000000000e+00,-1.325558280944824219e+01,1.738344573974609375e+01,-1.847915649414062500e+00,-3.634990692138671875e+00,2.147773742675781250e+00,-4.887161254882812500e-01
0.000000000000000000e+00,-2.771513175964355469e+01,7.810630798339843750e+00,-1.559026718139648438e+00,-7.563331604003906250e+00,-1.185862159729003906e+01,-1.952041387557983398e+00
0.000000000000000000e+00,-3.000000000000000000e+01,-2.232644844055175781e+01,-1.983159065246582031e+00,-3.182752609252929688e+00,5.970649719238281250e+00,-1.175300121307373047e+00
0.000000000000000000e+00,-2.053209304809570312e+01,5.732753753662109375e+00,-1.634174823760986328e+00,-2.917852020263671875e+01,-1.365593910217285156e+01,-1.819950342178344727e+00
0.000000000000000000e+00,-6.615303039550781250e+00,-1.801522636413574219e+01,-1.495620965957641602e+00,-3.000000000000000000e+01,7.898464202880859375e+00,-6.132249832153320312e-01
0.000000000000000000e+00,4.738609313964843750e+00,7.728477478027343750e+00,-1.059845447540283203e+00,-2.423845291137695312e+01,-6.860708236694335938e+00,-3.237266540527343750e+00
0.000000000000000000e+00,1.347377014160156250e+01,-5.233425140380859375e+00,-1.591019392013549805e+00,-1.845783996582031250e+01,-1.024970245361328125e+01,-1.512569189071655273e+00
0.000000000000000000e+00,1.498543548583984375e+01,-1.128564071655273438e+01,5.164623260498046875e-01,-2.725655937194824219e+01,-2.573642730712890625e-01,-1.584724903106689453e+00
0.000000000000000000e+00,2.301389694213867188e+01,-8.804660797119140625e+00,-2.619042396545410156e-01,-3.000000000000000000e+01,-5.971197128295898438e+00,-1.990563392639160156e+00
0.000000000000000000e+00,3.000000000000000000e+01,-1.107168579101562500e+01,-4.889407157897949219e-01,-2.538076019287109375e+01,-2.602327346801757812e+00,-1.975275993347167969e+00
0.000000000000000000e+00,3.000000000000000000e+01,-3.809240341186523438e+00,-6.830091476440429688e-01,-2.362437057495117188e+01,-1.917684555053710938e+01,-5.000000000000000000e+00
0.000000000000000000e+00,3.000000000000000000e+01,-9.584026336669921875e-01,-1.540527105331420898e+00,1.370519638061523438e+00,-2.014575958251953125e+01,-5.000000000000000000e+00
0.000000000000000000e+00,-1.070785522460937500e+01,-1.021120071411132812e+01,-3.679285526275634766e+00,3.000000000000000000e+01,1.166313171386718750e+00,-5.000000000000000000e+00
0.000000000000000000e+00,-3.000000000000000000e+01,-1.897790908813476562e+01,-5.000000000000000000e+00,1.476659774780273438e+01,-8.591135025024414062e+00,-5.000000000000000000e+00
0.000000000000000000e+00,-1.734309005737304688e+01,-1.807284927368164062e+01,-5.000000000000000000e+00,2.692444229125976562e+01,-8.321743011474609375e+00,-5.000000000000000000e+00
0.000000000000000000e+00,-3.000000000000000000e+01,-1.280975341796875000e-02,-5.000000000000000000e+00,2.552094268798828125e+01,-1.719303894042968750e+01,-5.000000000000000000e+00
0.000000000000000000e+00,-3.000000000000000000e+01,-2.383712196350097656e+01,-5.000000000000000000e+00,1.996881103515625000e+01,-2.340053176879882812e+01,-3.940108060836791992e+00
0.000000000000000000e+00,-3.000000000000000000e+01,1.051913833618164062e+01,-5.000000000000000000e+00,1.348793411254882812e+01,-2.281035614013671875e+01,-4.809115409851074219e+00
0.000000000000000000e+00,-2.490832138061523438e+01,-1.545234203338623047e+01,-2.000630140304565430e+00,6.979965209960937500e+00,-1.626855468750000000e+01,-2.411775588989257812e+00
0.000000000000000000e+00,-1.050610923767089844e+01,1.801799774169921875e+00,-1.119751453399658203e+00,6.358749389648437500e+00,-1.771654129028320312e+01,-2.731229066848754883e+00
0.000000000000000000e+00,-1.958973693847656250e+01,1.864274597167968750e+01,-1.065874338150024414e+00,1.465411758422851562e+01,-1.881482696533203125e+01,-5.000000000000000000e+00
0.000000000000000000e+00,-3.000000000000000000e+01,-3.252443313598632812e+00,-3.754800319671630859e+00,2.807997512817382812e+01,1.013645935058593750e+01,5.537261962890625000e-01
0.000000000000000000e+00,-3.000000000000000000e+01,-1.248955154418945312e+01,-2.085487604141235352e+00,6.911674499511718750e+00,3.083362579345703125e-01,-2.477740049362182617e+00
0.000000000000000000e+00,-6.595907211303710938e+00,2.636699676513671875e+00,-3.620586395263671875e-01,-3.000000000000000000e+01,-4.283330917358398438e+00,-1.456694126129150391e+00
0.000000000000000000e+00,-3.078134536743164062e+00,2.935295104980468750e+00,2.144464492797851562e+00,-3.000000000000000000e+01,-1.089144325256347656e+01,-1.237758636474609375e+00
0.000000000000000000e+00,1.653725433349609375e+01,1.847060775756835938e+01,2.580591201782226562e+00,-3.000000000000000000e+01,-7.660312652587890625e+00,-1.375534534454345703e+00
0.000000000000000000e+00,1.111716842651367188e+01,1.382536315917968750e+01,1.271858215332031250e-01,-3.000000000000000000e+01,-6.276498794555664062e+00,-1.075887680053710938e-01
0.000000000000000000e+00,1.071599960327148438e+01,1.246068572998046875e+01,-1.459807157516479492e+00,-3.000000000000000000e+01,-9.722808837890625000e+00,-4.053611755371093750e-01
0.000000000000000000e+00,6.789962768554687500e+00,-7.933044433593750000e-02,-7.870059013366699219e-01,-3.000000000000000000e+01,-6.886581420898437500e+00,3.005542755126953125e-01
0.000000000000000000e+00,-5.036359786987304688e+00,1.809062957763671875e-01,5.111336708068847656e-01,-3.000000000000000000e+01,-1.048515319824218750e+01,-5.349669456481933594e-01
0.000000000000000000e+00,4.359886169433593750e+00,-1.031398773193359375e+00,7.035994529724121094e-01,-3.000000000000000000e+01,-1.614380264282226562e+01,-2.439600944519042969e+00
0.000000000000000000e+00,1.978430938720703125e+01,6.573806762695312500e+00,1.548961639404296875e+00,-3.000000000000000000e+01,-1.448337459564208984e+01,-5.000000000000000000e+00
0.000000000000000000e+00,2.550972366333007812e+01,-1.076261711120605469e+01,2.010779380798339844e+00,-3.000000000000000000e+01,-1.756547737121582031e+01,-5.000000000000000000e+00
0.000000000000000000e+00,2.505038833618164062e+01,4.574520111083984375e+00,2.192900180816650391e+00,-1.820842742919921875e+00,-1.272761917114257812e+01,-5.000000000000000000e+00
0.000000000000000000e+00,1.543289566040039062e+01,1.472854995727539062e+01,-1.454976081848144531e+00,1.366895675659179688e+01,-2.720455169677734375e+01,-5.000000000000000000e+00
0.000000000000000000e+00,1.098744201660156250e+01,-3.000000000000000000e+01,2.758951187133789062e-01,2.531637191772460938e+01,-8.113540649414062500e+00,-5.000000000000000000e+00
0.000000000000000000e+00,-1.742406272888183594e+01,1.396066284179687500e+01,2.757139205932617188e+00,3.000000000000000000e+01,-2.768657302856445312e+01,-1.377754449844360352e+00
0.000000000000000000e+00,-2.879846954345703125e+01,-3.547153472900390625e+00,2.267636775970458984e+00,3.000000000000000000e+01,-3.000000000000000000e+01,1.706461906433105469e-01
0.000000000000000000e+00,-3.000000000000000000e+01,-1.972127914428710938e+00,-2.198243141174316406e+00,3.000000000000000000e+01,-3.000000000000000000e+01,-4.104137420654296875e-03
0.000000000000000000e+00,-1.818760490417480469e+01,-4.926958084106445312e+00,-2.671746015548706055e+00,3.000000000000000000e+01,-2.049450874328613281e+01,7.173738479614257812e-01
0.000000000000000000e+00,-2.590527343750000000e+01,-1.424352931976318359e+01,-3.816674947738647461e+00,3.000000000000000000e+01,-1.452223014831542969e+01,5.980963706970214844e-01
0.000000000000000000e+00,-3.000000000000000000e+01,-3.523479461669921875e+00,-1.923778533935546875e+00,1.604693984985351562e+01,-1.579926395416259766e+01,-5.000000000000000000e+00
0.000000000000000000e+00,-3.000000000000000000e+01,-1.545745277404785156e+01,-1.305822849273681641e+00,1.326463699340820312e+00,-9.631891250610351562e+00,1.557683944702148438e+00
0.000000000000000000e+00,-3.000000000000000000e+01,1.892984390258789062e+00,-7.247219085693359375e-01,4.510143280029296875e+00,-1.669746398925781250e+00,-5.170674324035644531e-01
0.000000000000000000e+00,-2.050866889953613281e+01,-2.461309432983398438e+00,-9.875860214233398438e-01,1.512881469726562500e+01,-3.319629669189453125e+00,2.398400306701660156e-01
0.000000000000000000e+00,-3.000000000000000000e+01,1.079169845581054688e+01,-9.531097412109375000e-01,-8.376552581787109375e+00,1.454895782470703125e+01,-1.210384368896484375e+00
0.000000000000000000e+00,-3.000000000000000000e+01,2.459309387207031250e+01,-2.674016475677490234e+00,-3.000000000000000000e+01,-7.998775482177734375e+00,-3.332102775573730469e+00
0.000000000000000000e+00,-1.344676971435546875e+01,-2.085718154907226562e+01,6.782317161560058594e-01,-3.000000000000000000e+01,-2.381507873535156250e+00,-2.340312480926513672e+00
0.000000000000000000e+00,1.038688659667968750e+01,1.943915939331054688e+01,-7.647724151611328125e-01,-2.794401550292968750e+01,-3.580564498901367188e+00,-3.522183418273925781e+00
0.000000000000000000e+00,2.108257675170898438e+01,-2.947337532043457031e+01,1.037795543670654297e+00,-3.000000000000000000e+01,-2.512006759643554688e+00,-2.849219799041748047e+00
0.000000000000000000e+00,1.452120971679687500e+01,-1.409160423278808594e+01,-1.933388710021972656e-01,-3.000000000000000000e+01,-1.173709487915039062e+01,-4.315727710723876953e+00
0.000000000000000000e+00,1.656222534179687500e+01,-5.535865783691406250e+00,-1.367536067962646484e+00,-3.000000000000000000e+01,-1.503798007965087891e+01,-5.000000000000000000e+00
0.000000000000000000e+00,3.000000000000000000e+01,-3.296861648559570312e+00,-6.348257064819335938e-01,-3.000000000000000000e+01,4.567264556884765625e+00,-5.000000000000000000e+00
0.000000000000000000e+00,3.000000000000000000e+01,-8.120193481445312500e-01,-2.558569669723510742e+00,-3.000000000000000000e+01,1.185760498046875000e-01,-5.000000000000000000e+00
0.000000000000000000e+00,3.000000000000000000e+01,-2.861474990844726562e+00,-2.886811733245849609e+00,-2.561531066894531250e+01,4.946838378906250000e+00,-5.000000000000000000e+00
0.000000000000000000e+00,3.000000000000000000e+01,-1.505509471893310547e+01,-2.534019470214843750e+00,5.777477264404296875e+00,-2.521202087402343750e+00,-5.000000000000000000e+00
0.000000000000000000e+00,-1.332678794860839844e+01,-9.104715347290039062e+00,-3.883106946945190430e+00,3.000000000000000000e+01,3.000000000000000000e+01,-3.413668870925903320e+00
0.000000000000000000e+00,-3.000000000000000000e+01,-2.300971031188964844e+01,-5.000000000000000000e+00,2.899670028686523438e+01,1.258607864379882812e+01,-4.489010810852050781e+00
0.000000000000000000e+00,-3.000000000000000000e+01,-1.597983264923095703e+01,-5.000000000000000000e+00,2.487656784057617188e+01,3.624832153320312500e+00,-5.000000000000000000e+00
0.000000000000000000e+00,-3.000000000000000000e+01,-8.790452957153320312e+00,-5.000000000000000000e+00,1.719153594970703125e+01,1.163913726806640625e+00,-5.000000000000000000e+00
0.000000000000000000e+00,-1.151768493652343750e+01,-7.480903625488281250e+00,-5.000000000000000000e+00,1.513270950317382812e+01,-7.868265151977539062e+00,-4.318325996398925781e+00
0.000000000000000000e+00,-2.732918930053710938e+01,1.359540557861328125e+01,-3.837429046630859375e+00,5.182998657226562500e+00,-2.224206161499023438e+01,-5.000000000000000000e+00
0.000000000000000000e+00,-4.108139038085937500e+00,-1.128410720825195312e+01,-4.116063117980957031e+00,6.632583618164062500e+00,-1.493468093872070312e+01,-5.000000000000000000e+00
0.000000000000000000e+00,-1.695227241516113281e+01,1.050902557373046875e+01,-5.000000000000000000e+00,8.870319366455078125e+00,-1.651943588256835938e+01,-5.000000000000000000e+00
0.000000000000000000e+00,-2.593959045410156250e+01,-2.266764068603515625e+01,-3.815169334411621094e+00,3.000000000000000000e+01,1.256413269042968750e+01,-4.054786205291748047e+00
0.000000000000000000e+00,-3.000000000000000000e+01,1.458342361450195312e+01,-2.373042345046997070e+00,3.571960449218750000e+00,-6.471694946289062500e+00,-2.638607978820800781e+00
0.000000000000000000e+00,-2.690016365051269531e+01,-5.125274658203125000e-01,-1.530751705169677734e+00,2.573925781250000000e+01,-9.783084869384765625e+00,-3.078803062438964844e+00
0.000000000000000000e+00,-2.565282440185546875e+01,-1.172031974792480469e+01,-2.561852455139160156e+00,2.112512588500976562e+01,3.859191894531250000e+00,1.532531738281250000e+00
0.000000000000000000e+00,-1.989079856872558594e+01,7.086894989013671875e+00,-1.093373298645019531e+00,-2.201429367065429688e+00,-5.462423324584960938e+00,-1.707623958587646484e+00
0.000000000000000000e+00,-2.100216102600097656e+01,-1.383884048461914062e+01,7.294964790344238281e-01,-1.141471290588378906e+01,5.212707519531250000e-01,-7.040362358093261719e-01
0.000000000000000000e+00,1.766465759277343750e+01,1.313021469116210938e+01,2.739923000335693359e+00,-3.000000000000000000e+01,-9.951808929443359375e+00,-1.518857479095458984e+00
0.000000000000000000e+00,2.586514282226562500e+01,1.855860519409179688e+01,1.191630363464355469e+00,-3.000000000000000000e+01,-4.192592620849609375e+00,-1.022951841354370117e+00
0.000000000000000000e+00,1.313479232788085938e+01,1.269390869140625000e+01,-6.734123229980468750e-01,-3.000000000000000000e+01,-1.517488574981689453e+01,-3.805642127990722656e-01
0.000000000000000000e+00,1.524050140380859375e+01,-1.170992469787597656e+01,2.930359840393066406e-01,-3.000000000000000000e+01,4.885345458984375000e+00,9.041957855224609375e-01
0.000000000000000000e+00,1.309017944335937500e+01,1.694549560546875000e+01,2.109756946563720703e+00,-2.848925399780273438e+01,-1.298501396179199219e+01,1.615986347198486328e+00
0.000000000000000000e+00,2.461329269409179688e+01,-1.018217658996582031e+01,3.450996398925781250e+00,-3.000000000000000000e+01,-1.526649188995361328e+01,-2.679134368896484375e+00
0.000000000000000000e+00,2.291892623901367188e+01,1.180179595947265625e+00,5.000000000000000000e+00,-3.000000000000000000e+01,-1.492263221740722656e+01,-1.615143299102783203e+00
0.000000000000000000e+00,3.000000000000000000e+01,1.404321670532226562e+00,4.908693313598632812e+00,-3.000000000000000000e+01,-1.966703414916992188e+01,-3.998928070068359375e+00
0.000000000000000000e+00,3.000000000000000000e+01,8.049423217773437500e+00,5.000000000000000000e+00,-3.000000000000000000e+01,-2.334038162231445312e+01,-5.000000000000000000e+00
0.000000000000000000e+00,2.972374725341796875e+01,4.377563476562500000e+00,4.282716751098632812e+00,-3.000000000000000000e+01,-1.788151931762695312e+01,-5.000000000000000000e+00
0.000000000000000000e+00,1.453899002075195312e+01,-7.245426177978515625e-01,3.504577636718750000e+00,-2.138658332824707031e+01,-1.487373924255371094e+01,-5.000000000000000000e+00
0.000000000000000000e+00,1.128408050537109375e+01,1.790256500244140625e-01,3.192628860473632812e+00,-1.957613754272460938e+01,-1.213986587524414062e+01,-5.000000000000000000e+00
0.000000000000000000e+00,1.137395477294921875e+01,1.210384368896484375e+00,3.064000129699707031e+00,-2.011514663696289062e+01,-9.825765609741210938e+00,-5.000000000000000000e+00
0.000000000000000000e+00,1.305063247680664062e+01,2.139671325683593750e+00,2.913074493408203125e+00,-2.178852844238281250e+01,-7.772468566894531250e+00,-5.000000000000000000e+00
0.000000000000000000e+00,-2.832851409912109375e-01,-5.380916595458984375e-01,6.271791458129882812e-01,-1.462915420532226562e+00,-1.594144439697265625e+01,-5.000000000000000000e+00
0.000000000000000000e+00,-1.498697853088378906e+01,-2.017650604248046875e+00,-1.916408538818359375e-01,1.383026504516601562e+01,-2.228335189819335938e+01,-5.000000000000000000e+00
0.000000000000000000e+00,-3.000000000000000000e+01,3.370597839355468750e+00,8.628821372985839844e-01,3.226715087890625000e+00,-2.488576507568359375e+01,-5.000000000000000000e+00
0.000000000000000000e+00,-3.000000000000000000e+01,1.032220840454101562e+00,-3.508968353271484375e-01,4.350814819335937500e+00,-2.222282218933105469e+01,-5.000000000000000000e+00
0.000000000000000000e+00,-3.000000000000000000e+01,-6.549758911132812500e-01,-1.401868343353271484e+00,-4.780654907226562500e-01,-1.680620956420898438e+01,-3.782472610473632812e+00
0.000000000000000000e+00,-3.000000000000000000e+01,-3.899766921997070312e+00,-2.573966741561889648e+00,-2.519006729125976562e+00,-1.149514961242675781e+01,-2.184102535247802734e+00
0.000000000000000000e+00,-3.000000000000000000e+01,-8.299749374389648438e+00,-2.873964548110961914e+00,-1.947618484497070312e+00,-7.032409667968750000e+00,-1.400881290435791016e+00
0.000000000000000000e+00,-3.000000000000000000e+01,-1.213341331481933594e+01,-3.178553581237792969e+00,-4.146505355834960938e+00,1.771831512451171875e-01,-9.946336746215820312e-01
0.000000000000000000e+00,-3.000000000000000000e+01,-1.422496318817138672e+01,-3.444817543029785156e+00,-7.586036682128906250e+00,8.550651550292968750e+00,-8.425655364990234375e-01
0.000000000000000000e+00,-3.000000000000000000e+01,-3.271268844604492188e+00,-2.237064361572265625e+00,-3.000000000000000000e+01,-6.776071548461914062e+00,-1.390419483184814453e+00
0.000000000000000000e+00,-3.000000000000000000e+01,4.421401977539062500e+00,-1.013294219970703125e+00,-3.000000000000000000e+01,-1.383491516113281250e+00,-1.929745435714721680e+00
0.000000000000000000e+00,-1.524215316772460938e+01,8.812576293945312500e+00,-1.343197822570800781e+00,-3.000000000000000000e+01,-8.559854507446289062e+00,-3.221127033233642578e+00
0.000000000000000000e+00,-5.613853454589843750e+00,1.154602813720703125e+01,-4.237537384033203125e-01,-3.000000000000000000e+01,-7.930948257446289062e+00,-3.620949268341064453e+00
0.000000000000000000e+00,-5.047851562500000000e+00,6.259422302246093750e-01,-1.695570945739746094e+00,-2.776460647583007812e+01,-2.034286499023437500e+00,-3.334938526153564453e+00
0.000000000000000000e+00,1.559527587890625000e+01,-1.117895126342773438e+00,-2.381631135940551758e+00,-1.940680503845214844e+01,-3.836517333984375000e+00,-2.965559482574462891e+00
0.000000000000000000e+00,1.787764739990234375e+01,-3.267688751220703125e+00,-2.772944927215576172e+00,-8.710098266601562500e+00,2.534271240234375000e+00,-1.210948228836059570e+00
0.000000000000000000e+00,-7.515123367309570312e+00,1.276683425903320312e+01,-1.902759075164794922e+00,-4.702579498291015625e+00,6.799289703369140625e+00,2.831420898437500000e-01
0.000000000000000000e+00,-2.861253547668457031e+01,1.516899490356445312e+01,-8.899145126342773438e-01,1.118497848510742188e+01,-1.148069381713867188e+01,2.348934173583984375e+00
0.000000000000000000e+00,-3.000000000000000000e+01,-4.513854980468750000e-01,-4.046359539031982422e+00,3.000000000000000000e+01,-2.512125968933105469e+01,1.940969944000244141e+00
0.000000000000000000e+00,-3.000000000000000000e+01,-8.611122131347656250e+00,-2.652164936065673828e+00,3.000000000000000000e+01,-1.733546066284179688e+01,3.465393066406250000e+00
0.000000000000000000e+00,-3.000000000000000000e+01,-8.052778244018554688e+00,-3.080961942672729492e+00,3.000000000000000000e+01,-1.277718544006347656e+01,4.279048919677734375e+00
0.000000000000000000e+00,-3.000000000000000000e+01,5.577659606933593750e+00,-2.385514974594116211e+00,3.000000000000000000e+01,-8.495582580566406250e+00,3.771095275878906250e+00
0.000000000000000000e+00,-3.000000000000000000e+01,6.841156005859375000e+00,-1.941448450088500977e+00,3.000000000000000000e+01,-5.647333145141601562e+00,3.682046890258789062e+00
0.000000000000000000e+00,-2.841923141479492188e+01,8.267471313476562500e+00,-1.266740560531616211e+00,3.000000000000000000e+01,-2.051837921142578125e+00,3.477400779724121094e+00
0.000000000000000000e+00,-2.105411148071289062e+01,9.688976287841796875e+00,1.723947525024414062e-01,2.404621124267578125e+01,2.539745330810546875e+00,6.124858856201171875e-01
0.000000000000000000e+00,-3.000000000000000000e+01,9.877864837646484375e+00,-6.143884658813476562e-01,2.142800140380859375e+01,1.929302215576171875e-01,2.519483566284179688e+00
0.000000000000000000e+00,-2.984357643127441406e+01,-5.783872604370117188e+00,-2.112069129943847656e-01,-6.977554321289062500e+00,9.069850921630859375e+00,1.305111885070800781e+00
0.000000000000000000e+00,-3.000000000000000000e+01,-8.989751815795898438e+00,1.409406661987304688e-01,-1.197337532043457031e+01,1.938077926635742188e+00,1.751615524291992188e+00
0.000000000000000000e+00,-3.000000000000000000e+01,-5.758726119995117188e+00,6.419277191162109375e-01,-1.456357383728027344e+01,-4.139942169189453125e+00,1.198241710662841797e+00
0.000000000000000000e+00,-3.000000000000000000e+01,-9.413036346435546875e+00,3.035286903381347656e+00,-3.136219024658203125e+00,-3.211917877197265625e-01,3.053860664367675781e-01
0.000000000000000000e+00,-6.435888290405273438e+00,-1.131135940551757812e+00,3.623843193054199219e+00,-1.751024246215820312e+00,7.988155364990234375e+00,9.430956840515136719e-01
0.000000000000000000e+00,1.348445892333984375e+01,1.542753601074218750e+01,8.035497665405273438e-01,-1.147975921630859375e+01,3.150020599365234375e+00,2.463990211486816406e+00
0.000000000000000000e+00,2.514159011840820312e+01,2.105769729614257812e+01,2.515267848968505859e+00,-1.038203048706054688e+01,-1.200874328613281250e+00,2.767064571380615234e+00
0.000000000000000000e+00,2.161336898803710938e+01,1.042380905151367188e+01,1.928224563598632812e+00,-1.784683418273925781e+01,-6.817678451538085938e+00,3.102894783020019531e+00
0.000000000000000000e+00,1.848081207275390625e+01,4.403816223144531250e+00,1.579114913940429688e+00,-1.832772827148437500e+01,-1.042020416259765625e+01,3.230944633483886719e+00
